{"stats":{"minecraft:dropped":{"minecraft:bread":7,"minecraft:porkchop":1,"minecraft:wheat_seeds":24,"minecraft:oak_log":1,"minecraft:oak_fence":6,"minecraft:leather":4,"minecraft:apple":1,"minecraft:granite":17,"minecraft:dirt":96,"born_in_chaos_v1:gnawed_bones":1,"minecraft:diorite":3,"born_in_chaos_v1:river_mint":1,"minecraft:mutton":2,"minecraft:snowball":7,"minecraft:white_wool":12,"minecraft:furnace":1,"minecraft:sugar_cane":1,"minecraft:raw_copper":16,"minecraft:wheat":2,"born_in_chaos_v1:rotten_fish":2,"minecraft:rotten_flesh":2,"minecraft:oak_planks":45,"minecraft:gunpowder":1,"minecraft:melon_seeds":1,"minecraft:oak_sapling":33,"waystones:waystone":1,"minecraft:egg":2},"minecraft:used":{"minecraft:oak_fence":15,"minecraft:stone_sword":251,"minecraft:iron_shovel":2225,"minecraft:stone_shovel":153,"sophisticatedbackpacks:copper_backpack":2,"minecraft:shield":13,"minecraft:chest":6,"minecraft:cooked_chicken":6,"minecraft:stone_hoe":57,"minecraft:iron_chestplate":2,"minecraft:torch":133,"minecraft:dirt":1319,"minecraft:mutton":1,"minecraft:granite":13,"minecraft:snowball":28,"minecraft:oak_fence_gate":1,"minecraft:birch_sapling":5,"born_in_chaos_v1:spiny_shell_armor_chestplate":2,"minecraft:iron_boots":1,"minecraft:bow":22,"minecraft:furnace":6,"tombstone:gift":3,"minecraft:egg":6,"minecraft:cooked_beef":13,"minecraft:iron_leggings":1,"minecraft:pointed_dripstone":1,"minecraft:wheat_seeds":48,"minecraft:cooked_mutton":3,"minecraft:water_bucket":7,"minecraft:cobblestone_stairs":16,"minecraft:birch_planks":2,"minecraft:stone_pickaxe":393,"minecraft:crafting_table":21,"minecraft:netherite_helmet":1,"minecraft:white_bed":3,"minecraft:spruce_log":3,"sophisticatedbackpacks:backpack":2,"minecraft:cornflower":1,"minecraft:apple":2,"minecraft:bread":10,"minecraft:iron_pickaxe":1745,"minecraft:stone_axe":232,"minecraft:cobblestone":80,"minecraft:cooked_porkchop":8,"minecraft:bucket":8,"minecraft:oak_boat":3},"minecraft:broken":{"minecraft:iron_shovel":8,"minecraft:stone_sword":1,"minecraft:stone_pickaxe":3,"minecraft:stone_axe":1,"minecraft:iron_pickaxe":6,"minecraft:stone_shovel":1},"minecraft:mined":{"minecraft:white_bed":2,"born_in_chaos_v1:infected_diamond_ore":1,"minecraft:granite":30,"minecraft:grass_block":1261,"minecraft:spruce_leaves":1,"minecraft:redstone_ore":16,"minecraft:furnace":4,"minecraft:fire":1,"minecraft:barrel":1,"minecraft:iron_ore":51,"minecraft:snow":86,"minecraft:pumpkin":14,"minecraft:pointed_dripstone":1,"minecraft:dirt_path":5,"minecraft:deepslate_iron_ore":4,"minecraft:stone":1955,"sophisticatedbackpacks:backpack":1,"sophisticatedbackpacks:copper_backpack":1,"minecraft:crafting_table":18,"minecraft:torch":39,"minecraft:chest":1,"minecraft:tall_grass":2,"minecraft:copper_ore":4,"minecraft:cobblestone":11,"minecraft:sugar_cane":9,"minecraft:diorite":3,"minecraft:wall_torch":20,"minecraft:birch_log":29,"minecraft:ice":1,"minecraft:wheat":33,"minecraft:spruce_log":11,"minecraft:birch_leaves":1,"born_in_chaos_v1:river_mint":1,"minecraft:grass":58,"minecraft:coal_ore":41,"minecraft:oak_log":94,"minecraft:gravel":43,"minecraft:dirt":971,"minecraft:cobweb":9,"minecraft:gold_ore":4,"minecraft:oak_leaves":15},"minecraft:killed_by":{"born_in_chaos_v1:fallen_chaos_knight":1,"born_in_chaos_v1:scarlet_persecutor":1},"minecraft:crafted":{"minecraft:oak_planks":208,"minecraft:stone_shovel":1,"minecraft:cooked_chicken":6,"born_in_chaos_v1:spiny_shell_armor_chestplate":1,"minecraft:furnace":4,"minecraft:cobblestone_stairs":16,"minecraft:cooked_mutton":7,"minecraft:bow":1,"minecraft:iron_boots":1,"minecraft:stone_pickaxe":3,"minecraft:chest":6,"minecraft:stone_hoe":1,"minecraft:oak_fence":21,"minecraft:cooked_beef":23,"minecraft:arrow":16,"sophisticatedbackpacks:backpack":1,"minecraft:cooked_porkchop":8,"minecraft:crafting_table":3,"minecraft:spruce_planks":32,"minecraft:bucket":1,"minecraft:birch_planks":36,"minecraft:stone_axe":2,"minecraft:bread":10,"minecraft:air":0,"minecraft:oak_fence_gate":1,"minecraft:oak_boat":1,"minecraft:charcoal":53,"minecraft:shield":1,"minecraft:stick":60,"minecraft:iron_ingot":47,"minecraft:iron_pickaxe":7,"minecraft:stone_sword":2,"minecraft:iron_shovel":10,"minecraft:iron_leggings":1,"minecraft:white_bed":1,"minecraft:torch":76,"minecraft:shears":1},"minecraft:custom":{"minecraft:mob_kills":81,"minecraft:animals_bred":2,"minecraft:open_barrel":1,"minecraft:interact_with_crafting_table":53,"minecraft:damage_dealt_resisted":10,"minecraft:leave_game":1,"minecraft:time_since_death":208672,"minecraft:climb_one_cm":5754,"minecraft:sprint_one_cm":395579,"minecraft:walk_one_cm":954959,"minecraft:damage_blocked_by_shield":540,"minecraft:drop":51,"minecraft:play_time":241355,"minecraft:deaths":2,"minecraft:sneak_time":7915,"minecraft:walk_under_water_one_cm":12057,"minecraft:boat_one_cm":83306,"minecraft:jump":3931,"minecraft:walk_on_water_one_cm":19547,"minecraft:total_world_time":241355,"minecraft:interact_with_furnace":75,"minecraft:sleep_in_bed":7,"minecraft:time_since_rest":0,"minecraft:waystone_activated":1,"minecraft:damage_taken":2664,"minecraft:damage_dealt":10531,"minecraft:swim_one_cm":60363,"minecraft:fly_one_cm":706823,"minecraft:open_chest":12,"minecraft:crouch_one_cm":68391,"tombstone:undead_killed":21,"minecraft:fall_one_cm":89534},"minecraft:picked_up":{"born_in_chaos_v1:diamond_termite_shard":1,"minecraft:crafting_table":19,"minecraft:iron_chestplate":1,"minecraft:wheat":32,"minecraft:chicken":9,"born_in_chaos_v1:river_mint":1,"minecraft:chest_minecart":2,"minecraft:cornflower":1,"minecraft:string":12,"minecraft:raw_copper":16,"minecraft:activator_rail":8,"minecraft:detector_rail":3,"minecraft:beef":23,"minecraft:oak_boat":3,"born_in_chaos_v1:gnawed_bones":1,"minecraft:chest":1,"minecraft:sugar_cane":21,"minecraft:birch_sapling":5,"minecraft:egg":8,"minecraft:furnace":3,"minecraft:tipped_arrow":1,"minecraft:stick":36,"minecraft:raw_iron":55,"minecraft:torch":71,"sophisticatedbackpacks:backpack":1,"minecraft:porkchop":11,"minecraft:pointed_dripstone":1,"tombstone:grave_dust":7,"minecraft:diorite":3,"minecraft:carrot":2,"minecraft:redstone":66,"minecraft:arrow":11,"minecraft:rotten_flesh":9,"born_in_chaos_v1:spiny_shell":10,"sophisticatedbackpacks:copper_backpack":2,"minecraft:glow_berries":5,"minecraft:mutton":17,"minecraft:snowball":83,"minecraft:rail":12,"minecraft:white_wool":21,"minecraft:cobblestone":1921,"born_in_chaos_v1:fused_bone":4,"minecraft:birch_log":29,"minecraft:feather":7,"minecraft:salmon":2,"minecraft:brown_wool":1,"minecraft:leather":11,"minecraft:filled_map":1,"minecraft:flint":7,"minecraft:oak_log":94,"minecraft:gunpowder":2,"minecraft:lapis_lazuli":6,"minecraft:dirt":2010,"tombstone:gift":1,"minecraft:name_tag":2,"born_in_chaos_v1:monster_skin":1,"minecraft:bone":10,"minecraft:apple":4,"minecraft:wheat_seeds":83,"minecraft:raw_gold":4,"minecraft:iron_ingot":4,"minecraft:oak_planks":1,"minecraft:pumpkin":14,"born_in_chaos_v1:ethereal_spirit":5,"born_in_chaos_v1:dark_rod":1,"minecraft:gravel":75,"minecraft:spruce_sapling":7,"minecraft:spruce_log":11,"minecraft:white_bed":2,"minecraft:barrel":1,"minecraft:bundle":1,"minecraft:pumpkin_seeds":2,"born_in_chaos_v1:fire_dust":3,"waystones:waystone":3,"minecraft:granite":30,"minecraft:golden_apple":1,"minecraft:gray_wool":1,"minecraft:bread":7,"minecraft:oak_sapling":39,"tombstone:magic_scroll":2,"born_in_chaos_v1:rotten_fish":2,"minecraft:melon_seeds":9,"minecraft:coal":69},"minecraft:killed":{"minecraft:spider":3,"born_in_chaos_v1:thornshell_crab":3,"born_in_chaos_v1:siamese_skeletonsright":1,"born_in_chaos_v1:zombie_bruiser":1,"born_in_chaos_v1:scarlet_persecutor":4,"born_in_chaos_v1:maggot":2,"minecraft:skeleton":6,"minecraft:chicken":9,"born_in_chaos_v1:firelight_not_despawn":3,"born_in_chaos_v1:bonescaller":1,"minecraft:pig":7,"born_in_chaos_v1:diamond_termite":1,"born_in_chaos_v1:baby_skeleton":2,"minecraft:salmon":2,"minecraft:creeper":3,"minecraft:sheep":11,"minecraft:zombie":7,"born_in_chaos_v1:dread_hound":1,"minecraft:stray":1,"born_in_chaos_v1:dark_vortex":1,"born_in_chaos_v1:siamese_skeletonsleft":2,"minecraft:cow":10}},"DataVersion":3465}