{"stats":{"minecraft:killed":{"born_in_chaos_v1:restless_spirit":1,"minecraft:spider":3,"born_in_chaos_v1:thornshell_crab":3,"born_in_chaos_v1:siamese_skeletonsright":1,"born_in_chaos_v1:zombie_bruiser":1,"born_in_chaos_v1:scarlet_persecutor":4,"born_in_chaos_v1:maggot":2,"minecraft:skeleton":6,"minecraft:chicken":9,"born_in_chaos_v1:firelight_not_despawn":3,"born_in_chaos_v1:bonescaller":1,"minecraft:pig":10,"born_in_chaos_v1:diamond_termite":1,"born_in_chaos_v1:baby_skeleton":2,"minecraft:salmon":2,"minecraft:creeper":4,"born_in_chaos_v1:decrepit_skeleton":1,"minecraft:sheep":11,"minecraft:zombie":10,"born_in_chaos_v1:dread_hound":2,"born_in_chaos_v1:corpse_fly":1,"minecraft:stray":4,"born_in_chaos_v1:dark_vortex":1,"born_in_chaos_v1:siamese_skeletonsleft":2,"minecraft:cow":10},"minecraft:crafted":{"minecraft:oak_planks":208,"minecraft:stone_shovel":1,"minecraft:cooked_chicken":9,"born_in_chaos_v1:spiny_shell_armor_chestplate":1,"minecraft:furnace":4,"minecraft:cobblestone_stairs":16,"minecraft:cooked_mutton":14,"minecraft:bow":1,"minecraft:iron_boots":1,"minecraft:iron_axe":1,"minecraft:stone_pickaxe":3,"minecraft:chest":6,"minecraft:stone_hoe":1,"minecraft:oak_fence":21,"minecraft:cooked_beef":23,"minecraft:arrow":16,"sophisticatedbackpacks:backpack":1,"minecraft:cooked_porkchop":14,"minecraft:crafting_table":4,"minecraft:spruce_planks":32,"minecraft:iron_sword":1,"minecraft:bucket":1,"minecraft:birch_planks":36,"minecraft:stone_axe":2,"minecraft:bread":10,"minecraft:air":0,"minecraft:oak_fence_gate":1,"minecraft:oak_boat":1,"minecraft:charcoal":53,"minecraft:shield":1,"minecraft:stick":88,"minecraft:iron_ingot":71,"minecraft:iron_pickaxe":11,"minecraft:stone_sword":2,"minecraft:snow_block":20,"minecraft:iron_shovel":20,"minecraft:iron_leggings":1,"minecraft:white_bed":1,"minecraft:torch":84,"minecraft:shears":1},"minecraft:custom":{"minecraft:mob_kills":97,"minecraft:animals_bred":2,"minecraft:interact_with_crafting_table":67,"minecraft:open_barrel":1,"minecraft:damage_dealt_resisted":68,"minecraft:leave_game":9,"minecraft:time_since_death":52547,"minecraft:climb_one_cm":5754,"minecraft:sprint_one_cm":588572,"minecraft:walk_one_cm":1561916,"minecraft:damage_blocked_by_shield":840,"minecraft:drop":61,"minecraft:talked_to_villager":6,"minecraft:play_time":368729,"minecraft:sneak_time":18725,"minecraft:deaths":3,"minecraft:walk_under_water_one_cm":12057,"minecraft:boat_one_cm":83306,"minecraft:jump":5805,"minecraft:walk_on_water_one_cm":19850,"minecraft:total_world_time":368729,"minecraft:interact_with_furnace":87,"minecraft:sleep_in_bed":9,"minecraft:time_since_rest":21937,"minecraft:waystone_activated":1,"minecraft:damage_taken":3940,"minecraft:damage_dealt":12393,"minecraft:swim_one_cm":60363,"minecraft:fly_one_cm":1049309,"minecraft:open_chest":17,"minecraft:crouch_one_cm":118188,"tombstone:undead_killed":28,"minecraft:fall_one_cm":128261},"minecraft:used":{"minecraft:oak_fence":15,"minecraft:stone_sword":277,"minecraft:iron_shovel":4781,"minecraft:stone_shovel":153,"sophisticatedbackpacks:copper_backpack":2,"minecraft:chest":6,"minecraft:shield":19,"minecraft:iron_sword":12,"minecraft:cooked_chicken":8,"minecraft:stone_hoe":57,"minecraft:iron_chestplate":2,"minecraft:torch":151,"minecraft:dirt":4213,"minecraft:mutton":1,"minecraft:snowball":39,"minecraft:granite":13,"minecraft:oak_fence_gate":1,"minecraft:birch_sapling":5,"minecraft:iron_axe":84,"born_in_chaos_v1:spiny_shell_armor_chestplate":2,"minecraft:iron_boots":1,"minecraft:bow":38,"minecraft:furnace":6,"minecraft:egg":6,"tombstone:gift":4,"minecraft:cooked_beef":13,"minecraft:pointed_dripstone":1,"minecraft:iron_leggings":1,"minecraft:wheat_seeds":48,"minecraft:cooked_mutton":14,"minecraft:water_bucket":7,"minecraft:cobblestone_stairs":16,"minecraft:birch_planks":2,"minecraft:stone_pickaxe":393,"minecraft:crafting_table":23,"minecraft:netherite_helmet":1,"minecraft:white_bed":3,"minecraft:spruce_log":3,"sophisticatedbackpacks:backpack":2,"minecraft:cornflower":1,"minecraft:apple":2,"minecraft:iron_pickaxe":2553,"minecraft:bread":10,"minecraft:stone_axe":240,"minecraft:cobblestone":85,"minecraft:cooked_porkchop":14,"minecraft:andesite":4,"minecraft:bucket":8,"minecraft:oak_boat":3},"minecraft:mined":{"minecraft:white_bed":2,"born_in_chaos_v1:infected_diamond_ore":1,"minecraft:granite":30,"minecraft:grass_block":3477,"minecraft:spruce_leaves":17,"minecraft:large_fern":7,"minecraft:redstone_ore":16,"minecraft:furnace":4,"minecraft:iron_ore":67,"minecraft:barrel":1,"minecraft:fire":1,"minecraft:snow":155,"minecraft:andesite":8,"minecraft:pumpkin":14,"minecraft:pointed_dripstone":1,"minecraft:deepslate_iron_ore":4,"minecraft:dirt_path":7,"minecraft:stone":2704,"sophisticatedbackpacks:backpack":1,"sophisticatedbackpacks:copper_backpack":1,"minecraft:crafting_table":20,"minecraft:torch":42,"minecraft:chest":1,"minecraft:copper_ore":4,"minecraft:tall_grass":2,"minecraft:cobblestone":16,"minecraft:sugar_cane":9,"minecraft:diorite":3,"minecraft:wall_torch":21,"minecraft:birch_log":29,"minecraft:wheat":33,"minecraft:ice":1,"minecraft:spruce_log":87,"minecraft:birch_leaves":1,"born_in_chaos_v1:river_mint":1,"minecraft:grass":68,"minecraft:coal_ore":70,"minecraft:oak_log":94,"minecraft:gravel":43,"minecraft:dirt":1278,"minecraft:cobweb":9,"minecraft:gold_ore":4,"minecraft:oak_leaves":15},"minecraft:broken":{"minecraft:iron_shovel":18,"minecraft:stone_sword":1,"minecraft:stone_pickaxe":3,"minecraft:stone_axe":2,"minecraft:iron_pickaxe":10,"minecraft:stone_shovel":1},"minecraft:picked_up":{"minecraft:iron_chestplate":1,"minecraft:crafting_table":21,"born_in_chaos_v1:diamond_termite_shard":1,"minecraft:wheat":32,"minecraft:chicken":9,"born_in_chaos_v1:river_mint":1,"minecraft:chest_minecart":2,"minecraft:cornflower":1,"minecraft:string":13,"minecraft:raw_copper":16,"minecraft:activator_rail":8,"minecraft:detector_rail":3,"minecraft:beef":23,"minecraft:oak_boat":3,"born_in_chaos_v1:gnawed_bones":1,"minecraft:sugar_cane":23,"minecraft:chest":1,"minecraft:birch_sapling":5,"minecraft:furnace":3,"minecraft:egg":8,"minecraft:tipped_arrow":3,"minecraft:stick":46,"minecraft:raw_iron":71,"minecraft:torch":76,"sophisticatedbackpacks:backpack":1,"minecraft:porkchop":17,"minecraft:pointed_dripstone":1,"tombstone:grave_dust":7,"minecraft:diorite":3,"minecraft:carrot":2,"minecraft:redstone":66,"minecraft:arrow":14,"minecraft:rotten_flesh":11,"born_in_chaos_v1:spiny_shell":10,"sophisticatedbackpacks:copper_backpack":2,"minecraft:glow_berries":5,"minecraft:mutton":17,"minecraft:snowball":145,"minecraft:rail":12,"minecraft:white_wool":21,"minecraft:cobblestone":2674,"born_in_chaos_v1:fused_bone":4,"minecraft:birch_log":29,"born_in_chaos_v1:corpse_maggot":2,"minecraft:feather":7,"born_in_chaos_v1:monster_flesh":3,"minecraft:andesite":8,"minecraft:salmon":2,"minecraft:brown_wool":1,"minecraft:leather":11,"minecraft:filled_map":1,"doggytalents:rice_grains":2,"minecraft:flint":7,"minecraft:oak_log":94,"minecraft:gunpowder":2,"minecraft:lapis_lazuli":6,"minecraft:dirt":4501,"tombstone:gift":1,"minecraft:name_tag":2,"born_in_chaos_v1:monster_skin":3,"minecraft:bone":14,"minecraft:apple":4,"minecraft:wheat_seeds":92,"minecraft:raw_gold":4,"minecraft:iron_ingot":4,"minecraft:oak_planks":1,"minecraft:pumpkin":14,"born_in_chaos_v1:ethereal_spirit":7,"minecraft:gravel":75,"born_in_chaos_v1:dark_rod":1,"minecraft:spruce_sapling":27,"minecraft:white_bed":2,"minecraft:spruce_log":87,"minecraft:barrel":1,"minecraft:bundle":1,"minecraft:pumpkin_seeds":2,"born_in_chaos_v1:fire_dust":3,"waystones:waystone":3,"minecraft:granite":30,"minecraft:golden_apple":1,"minecraft:gray_wool":1,"minecraft:bread":7,"minecraft:oak_sapling":39,"tombstone:magic_scroll":2,"born_in_chaos_v1:rotten_fish":2,"minecraft:melon_seeds":9,"minecraft:coal":98},"minecraft:killed_by":{"born_in_chaos_v1:fallen_chaos_knight":1,"born_in_chaos_v1:scarlet_persecutor":1,"born_in_chaos_v1:dire_hound_leader":1},"minecraft:dropped":{"minecraft:bread":7,"minecraft:porkchop":1,"minecraft:wheat_seeds":24,"minecraft:oak_log":1,"minecraft:oak_fence":6,"minecraft:leather":4,"minecraft:apple":1,"minecraft:granite":17,"minecraft:dirt":96,"born_in_chaos_v1:gnawed_bones":1,"minecraft:diorite":3,"born_in_chaos_v1:river_mint":1,"minecraft:torch":1,"minecraft:mutton":2,"minecraft:snowball":8,"minecraft:string":1,"minecraft:white_wool":12,"minecraft:snow_block":20,"minecraft:furnace":1,"minecraft:sugar_cane":1,"minecraft:raw_copper":16,"minecraft:wheat":2,"born_in_chaos_v1:rotten_fish":2,"minecraft:rotten_flesh":2,"minecraft:oak_planks":45,"minecraft:gunpowder":2,"minecraft:andesite":4,"minecraft:melon_seeds":1,"minecraft:oak_boat":1,"minecraft:oak_sapling":33,"waystones:waystone":1,"minecraft:egg":2}},"DataVersion":3465}