{"stats":{"minecraft:used":{"minecraft:stone_sword":24,"minecraft:stone_axe":7,"minecraft:iron_chestplate":1,"minecraft:crafting_table":1,"minecraft:netherite_helmet":1},"minecraft:mined":{"minecraft:crafting_table":1,"minecraft:grass":1,"minecraft:oak_log":2,"minecraft:tall_grass":2},"minecraft:killed_by":{"born_in_chaos_v1:fallen_chaos_knight":1},"minecraft:crafted":{"minecraft:oak_planks":8,"minecraft:stone_shovel":1,"minecraft:crafting_table":1,"minecraft:stick":8,"minecraft:stone_pickaxe":1,"minecraft:stone_sword":1,"minecraft:stone_axe":1},"minecraft:custom":{"minecraft:time_since_rest":964,"minecraft:waystone_activated":1,"minecraft:sprint_one_cm":33221,"minecraft:damage_taken":372,"minecraft:walk_one_cm":32011,"minecraft:mob_kills":7,"minecraft:damage_dealt":1333,"minecraft:interact_with_crafting_table":1,"minecraft:fly_one_cm":59442,"minecraft:open_chest":4,"minecraft:crouch_one_cm":328,"minecraft:deaths":1,"minecraft:play_time":10871,"tombstone:undead_killed":5,"minecraft:sneak_time":26,"minecraft:jump":196,"minecraft:time_since_death":1171,"minecraft:total_world_time":10871,"minecraft:fall_one_cm":3135},"minecraft:picked_up":{"born_in_chaos_v1:fused_bone":4,"minecraft:crafting_table":1,"minecraft:stick":1,"minecraft:oak_log":2,"tombstone:grave_dust":3,"born_in_chaos_v1:monster_skin":1,"minecraft:bone":2,"minecraft:arrow":4,"born_in_chaos_v1:gnawed_bones":1},"minecraft:killed":{"minecraft:skeleton":1,"born_in_chaos_v1:dread_hound":1,"born_in_chaos_v1:baby_skeleton":1,"born_in_chaos_v1:siamese_skeletonsright":1,"minecraft:creeper":1,"born_in_chaos_v1:siamese_skeletonsleft":2}},"DataVersion":3465}