{"stats":{"minecraft:used":{"minecraft:oak_fence":15,"minecraft:stone_sword":29,"minecraft:stone_shovel":7,"minecraft:stone_axe":29,"minecraft:iron_chestplate":1,"minecraft:dirt":2,"minecraft:crafting_table":2,"minecraft:netherite_helmet":1,"minecraft:egg":4,"minecraft:oak_fence_gate":1},"minecraft:mined":{"minecraft:crafting_table":1,"minecraft:grass":29,"minecraft:grass_block":7,"minecraft:oak_log":18,"minecraft:tall_grass":2,"minecraft:sugar_cane":7},"minecraft:killed_by":{"born_in_chaos_v1:fallen_chaos_knight":1},"minecraft:crafted":{"minecraft:oak_fence_gate":1,"minecraft:oak_planks":72,"minecraft:stone_shovel":1,"minecraft:crafting_table":1,"minecraft:stick":16,"minecraft:stone_pickaxe":1,"minecraft:stone_sword":1,"minecraft:oak_fence":21,"minecraft:stone_axe":1},"minecraft:custom":{"minecraft:time_since_rest":7131,"minecraft:waystone_activated":1,"minecraft:sprint_one_cm":43539,"minecraft:damage_taken":432,"minecraft:walk_one_cm":60803,"minecraft:mob_kills":9,"minecraft:animals_bred":1,"minecraft:damage_dealt":1623,"minecraft:swim_one_cm":2945,"minecraft:interact_with_crafting_table":5,"minecraft:fly_one_cm":73533,"minecraft:open_chest":4,"minecraft:crouch_one_cm":328,"minecraft:deaths":1,"minecraft:play_time":17038,"tombstone:undead_killed":5,"minecraft:sneak_time":34,"minecraft:walk_under_water_one_cm":1040,"minecraft:jump":258,"minecraft:walk_on_water_one_cm":1111,"minecraft:time_since_death":7338,"minecraft:total_world_time":17038,"minecraft:fall_one_cm":4238},"minecraft:picked_up":{"born_in_chaos_v1:fused_bone":4,"minecraft:crafting_table":1,"minecraft:stick":9,"minecraft:chicken":1,"minecraft:oak_log":18,"tombstone:grave_dust":3,"minecraft:dirt":7,"born_in_chaos_v1:monster_skin":1,"minecraft:bone":2,"minecraft:arrow":4,"minecraft:wheat_seeds":7,"born_in_chaos_v1:spiny_shell":3,"born_in_chaos_v1:gnawed_bones":1,"born_in_chaos_v1:rotten_fish":1,"minecraft:oak_sapling":15,"minecraft:sugar_cane":18,"minecraft:egg":4},"minecraft:killed":{"minecraft:skeleton":1,"born_in_chaos_v1:dread_hound":1,"minecraft:chicken":1,"born_in_chaos_v1:baby_skeleton":1,"born_in_chaos_v1:thornshell_crab":1,"born_in_chaos_v1:siamese_skeletonsright":1,"minecraft:creeper":1,"born_in_chaos_v1:siamese_skeletonsleft":2}},"DataVersion":3465}