{"stats":{"minecraft:killed":{"born_in_chaos_v1:restless_spirit":2,"minecraft:spider":3,"born_in_chaos_v1:thornshell_crab":3,"born_in_chaos_v1:siamese_skeletonsright":1,"born_in_chaos_v1:zombie_bruiser":1,"born_in_chaos_v1:scarlet_persecutor":4,"born_in_chaos_v1:maggot":2,"minecraft:skeleton":6,"minecraft:chicken":9,"born_in_chaos_v1:firelight_not_despawn":3,"born_in_chaos_v1:spiritof_chaos":1,"born_in_chaos_v1:bonescaller":2,"minecraft:pig":10,"born_in_chaos_v1:diamond_termite":1,"born_in_chaos_v1:baby_skeleton":2,"minecraft:salmon":2,"minecraft:creeper":4,"born_in_chaos_v1:decrepit_skeleton":1,"minecraft:sheep":11,"minecraft:zombie":13,"born_in_chaos_v1:dread_hound":2,"born_in_chaos_v1:corpse_fly":1,"minecraft:stray":5,"born_in_chaos_v1:dark_vortex":1,"born_in_chaos_v1:siamese_skeletonsleft":2,"minecraft:cow":14},"minecraft:crafted":{"minecraft:oak_planks":208,"minecraft:stone_shovel":1,"minecraft:birch_boat":1,"minecraft:cooked_chicken":9,"born_in_chaos_v1:spiny_shell_armor_chestplate":1,"minecraft:furnace":11,"minecraft:cobblestone_stairs":16,"minecraft:cooked_mutton":14,"minecraft:bow":1,"minecraft:iron_boots":1,"minecraft:iron_axe":1,"minecraft:stone_pickaxe":3,"minecraft:chest":6,"minecraft:stone_hoe":1,"minecraft:oak_fence":21,"minecraft:cooked_beef":23,"minecraft:arrow":16,"sophisticatedbackpacks:backpack":1,"minecraft:cooked_porkchop":14,"minecraft:crafting_table":5,"minecraft:spruce_planks":32,"minecraft:iron_sword":1,"minecraft:bucket":1,"minecraft:birch_planks":68,"minecraft:stone_axe":2,"minecraft:bread":10,"minecraft:air":0,"minecraft:oak_fence_gate":1,"minecraft:oak_boat":1,"minecraft:charcoal":53,"minecraft:shield":1,"minecraft:stick":88,"minecraft:iron_ingot":71,"minecraft:iron_pickaxe":11,"minecraft:stone_sword":2,"minecraft:snow_block":20,"minecraft:iron_shovel":20,"minecraft:iron_leggings":1,"minecraft:white_bed":1,"minecraft:torch":112,"minecraft:shears":1},"minecraft:custom":{"minecraft:mob_kills":110,"minecraft:animals_bred":2,"minecraft:interact_with_crafting_table":72,"minecraft:open_barrel":1,"minecraft:damage_dealt_resisted":802,"minecraft:leave_game":9,"minecraft:time_since_death":94547,"minecraft:climb_one_cm":6738,"minecraft:sprint_one_cm":666681,"minecraft:walk_one_cm":1668727,"minecraft:damage_blocked_by_shield":880,"minecraft:drop":65,"minecraft:talked_to_villager":6,"minecraft:play_time":410729,"minecraft:sneak_time":20191,"minecraft:deaths":3,"minecraft:walk_under_water_one_cm":18550,"minecraft:boat_one_cm":301570,"minecraft:jump":6393,"minecraft:walk_on_water_one_cm":21158,"minecraft:total_world_time":410729,"minecraft:interact_with_furnace":100,"minecraft:sleep_in_bed":9,"minecraft:time_since_rest":63937,"minecraft:waystone_activated":1,"minecraft:damage_taken":4410,"minecraft:damage_dealt":14370,"minecraft:swim_one_cm":61959,"minecraft:fly_one_cm":1153059,"minecraft:open_chest":65,"minecraft:crouch_one_cm":120792,"tombstone:undead_killed":33,"minecraft:fall_one_cm":143588},"minecraft:used":{"minecraft:oak_fence":15,"minecraft:stone_sword":277,"minecraft:iron_shovel":4785,"minecraft:stone_shovel":153,"sophisticatedbackpacks:copper_backpack":2,"minecraft:chest":11,"minecraft:shield":22,"minecraft:iron_sword":61,"minecraft:cooked_chicken":9,"minecraft:stone_hoe":57,"minecraft:netherrack":4,"minecraft:iron_chestplate":2,"minecraft:torch":161,"minecraft:dirt":4459,"minecraft:mutton":1,"minecraft:snowball":39,"minecraft:granite":13,"minecraft:obsidian":2,"minecraft:oak_fence_gate":1,"minecraft:birch_sapling":5,"minecraft:iron_axe":185,"born_in_chaos_v1:spiny_shell_armor_chestplate":2,"minecraft:iron_boots":1,"minecraft:bow":38,"minecraft:furnace":14,"minecraft:egg":6,"tombstone:gift":4,"minecraft:cooked_beef":15,"minecraft:pointed_dripstone":1,"minecraft:iron_leggings":1,"minecraft:wheat_seeds":48,"minecraft:cooked_mutton":14,"minecraft:water_bucket":7,"minecraft:cobblestone_stairs":16,"minecraft:birch_planks":9,"minecraft:stone_pickaxe":393,"minecraft:birch_boat":4,"minecraft:crafting_table":25,"minecraft:netherite_helmet":1,"minecraft:white_bed":4,"minecraft:spruce_log":5,"sophisticatedbackpacks:backpack":2,"minecraft:cornflower":1,"minecraft:apple":2,"minecraft:iron_pickaxe":2605,"minecraft:bread":18,"minecraft:stone_axe":240,"minecraft:cobblestone":85,"minecraft:cooked_porkchop":14,"minecraft:andesite":4,"minecraft:bucket":8,"minecraft:oak_boat":3},"minecraft:mined":{"minecraft:white_bed":3,"minecraft:cherry_log":62,"born_in_chaos_v1:infected_diamond_ore":1,"minecraft:granite":30,"minecraft:grass_block":3477,"minecraft:spruce_leaves":17,"minecraft:large_fern":7,"minecraft:hay_block":3,"minecraft:magma_block":3,"minecraft:redstone_ore":16,"minecraft:furnace":5,"minecraft:iron_ore":67,"minecraft:barrel":1,"minecraft:fire":1,"minecraft:snow":155,"minecraft:andesite":8,"minecraft:pumpkin":14,"minecraft:gold_block":3,"minecraft:pointed_dripstone":1,"minecraft:deepslate_iron_ore":4,"minecraft:dirt_path":7,"minecraft:stone":2709,"sophisticatedbackpacks:backpack":2,"sophisticatedbackpacks:copper_backpack":2,"minecraft:crafting_table":22,"minecraft:torch":43,"minecraft:melon":16,"minecraft:chest":6,"minecraft:copper_ore":4,"minecraft:tall_grass":3,"minecraft:cobblestone":16,"minecraft:sugar_cane":9,"minecraft:diorite":3,"minecraft:wall_torch":22,"minecraft:pink_petals":4,"minecraft:birch_planks":7,"minecraft:birch_log":29,"minecraft:wheat":33,"minecraft:ice":1,"minecraft:spruce_log":89,"minecraft:birch_leaves":1,"born_in_chaos_v1:river_mint":1,"minecraft:grass":70,"minecraft:coal_ore":102,"minecraft:oak_log":94,"minecraft:cherry_leaves":4,"minecraft:gravel":43,"minecraft:dirt":1290,"minecraft:cobweb":9,"minecraft:netherrack":5,"minecraft:gold_ore":4,"minecraft:oak_leaves":16},"minecraft:broken":{"minecraft:iron_shovel":18,"minecraft:stone_sword":1,"minecraft:stone_pickaxe":3,"minecraft:stone_axe":2,"minecraft:iron_pickaxe":10,"minecraft:stone_shovel":1},"minecraft:picked_up":{"minecraft:iron_chestplate":1,"minecraft:crafting_table":23,"born_in_chaos_v1:diamond_termite_shard":1,"minecraft:wheat":32,"born_in_chaos_v1:seedof_chaos":1,"minecraft:chicken":9,"born_in_chaos_v1:river_mint":1,"minecraft:chest_minecart":2,"minecraft:brown_mushroom":2,"minecraft:gold_block":3,"minecraft:cornflower":1,"minecraft:string":13,"minecraft:raw_copper":16,"minecraft:cooked_salmon":2,"minecraft:activator_rail":8,"minecraft:detector_rail":3,"minecraft:beef":33,"minecraft:oak_boat":3,"born_in_chaos_v1:gnawed_bones":1,"minecraft:melon_slice":80,"minecraft:sugar_cane":23,"minecraft:chest":6,"minecraft:birch_sapling":5,"minecraft:furnace":4,"minecraft:egg":8,"minecraft:tipped_arrow":3,"minecraft:stick":76,"minecraft:raw_iron":71,"minecraft:torch":80,"sophisticatedbackpacks:backpack":2,"minecraft:porkchop":17,"minecraft:cherry_log":62,"minecraft:pointed_dripstone":1,"tombstone:grave_dust":7,"minecraft:diorite":3,"minecraft:carrot":2,"minecraft:redstone":66,"minecraft:arrow":16,"minecraft:rotten_flesh":15,"minecraft:hay_block":3,"born_in_chaos_v1:spiny_shell":10,"sophisticatedbackpacks:copper_backpack":3,"minecraft:glow_berries":5,"minecraft:mutton":17,"minecraft:snowball":145,"minecraft:rail":12,"minecraft:white_wool":21,"minecraft:cobblestone":4966,"born_in_chaos_v1:fused_bone":4,"minecraft:birch_log":29,"minecraft:pink_petals":10,"born_in_chaos_v1:corpse_maggot":2,"minecraft:feather":7,"born_in_chaos_v1:monster_flesh":3,"born_in_chaos_v1:spiritual_dust":3,"minecraft:andesite":8,"minecraft:salmon":2,"minecraft:brown_wool":1,"minecraft:leather":18,"minecraft:birch_planks":7,"minecraft:filled_map":1,"doggytalents:rice_grains":3,"born_in_chaos_v1:staff_of_magic_arrows":1,"minecraft:flint":7,"minecraft:oak_log":94,"minecraft:gunpowder":2,"minecraft:lapis_lazuli":6,"minecraft:dirt":4513,"tombstone:gift":1,"minecraft:name_tag":2,"born_in_chaos_v1:monster_skin":3,"minecraft:bone":18,"minecraft:apple":4,"minecraft:kelp":2,"minecraft:wheat_seeds":93,"minecraft:raw_gold":4,"minecraft:iron_ingot":4,"minecraft:oak_planks":1,"minecraft:birch_boat":3,"minecraft:pumpkin":14,"born_in_chaos_v1:ethereal_spirit":10,"minecraft:gravel":75,"born_in_chaos_v1:dark_rod":1,"minecraft:spruce_sapling":27,"minecraft:white_bed":3,"minecraft:spruce_log":89,"minecraft:barrel":1,"minecraft:bundle":1,"minecraft:pumpkin_seeds":2,"born_in_chaos_v1:fire_dust":3,"waystones:waystone":3,"minecraft:granite":30,"minecraft:cherry_sapling":53,"minecraft:golden_apple":1,"minecraft:gray_wool":1,"minecraft:bread":7,"minecraft:oak_sapling":39,"tombstone:magic_scroll":2,"born_in_chaos_v1:rotten_fish":2,"minecraft:netherrack":4,"minecraft:melon_seeds":9,"minecraft:coal":184},"minecraft:killed_by":{"born_in_chaos_v1:fallen_chaos_knight":1,"born_in_chaos_v1:scarlet_persecutor":1,"born_in_chaos_v1:dire_hound_leader":1},"minecraft:dropped":{"minecraft:bread":7,"minecraft:porkchop":1,"minecraft:wheat_seeds":24,"minecraft:oak_log":1,"minecraft:crafting_table":1,"minecraft:golden_axe":1,"minecraft:oak_fence":6,"minecraft:cobblestone":64,"minecraft:leather":4,"minecraft:apple":1,"minecraft:granite":17,"minecraft:dirt":96,"born_in_chaos_v1:gnawed_bones":1,"minecraft:diorite":3,"born_in_chaos_v1:river_mint":1,"minecraft:torch":1,"minecraft:mutton":2,"minecraft:snowball":8,"minecraft:string":1,"minecraft:white_wool":12,"minecraft:snow_block":20,"minecraft:furnace":1,"minecraft:sugar_cane":1,"minecraft:raw_copper":16,"minecraft:wheat":2,"born_in_chaos_v1:rotten_fish":2,"minecraft:rotten_flesh":2,"minecraft:oak_planks":45,"minecraft:gunpowder":2,"born_in_chaos_v1:corpse_maggot":2,"minecraft:andesite":4,"minecraft:melon_seeds":1,"minecraft:oak_boat":1,"minecraft:oak_sapling":33,"waystones:waystone":1,"minecraft:egg":2}},"DataVersion":3465}