{"stats":{"minecraft:used":{"minecraft:cherry_sapling":14,"minecraft:oak_sign":1,"minecraft:chest":1,"minecraft:spruce_planks":2,"minecraft:shield":35,"minecraft:iron_sword":77,"minecraft:stone_hoe":13,"minecraft:cooked_chicken":2,"minecraft:iron_chestplate":2,"minecraft:torch":8,"minecraft:dirt":28,"minecraft:carrot":4,"born_in_chaos_v1:corpse_maggot":1,"born_in_chaos_v1:smoked_flesh":8,"minecraft:iron_axe":190,"minecraft:furnace":6,"minecraft:cooked_cod":1,"minecraft:egg":1,"minecraft:potato":9,"minecraft:cooked_beef":14,"minecraft:light_gray_bed":2,"minecraft:brown_bed":3,"minecraft:iron_leggings":1,"minecraft:cooked_mutton":2,"minecraft:water_bucket":1,"minecraft:leather_leggings":1,"minecraft:baked_potato":10,"minecraft:oak_planks":61,"minecraft:stone_pickaxe":89,"minecraft:wooden_pickaxe":14,"minecraft:cherry_planks":45,"minecraft:leather_boots":3,"minecraft:sand":2,"minecraft:oak_slab":1,"minecraft:crafting_table":5,"tombstone:villager_gift":1,"alexscaves:cooked_radgill":1,"waystones:waystone":1,"minecraft:bread":10,"minecraft:iron_pickaxe":194,"tombstone:magic_scroll":2,"tombstone:grave_key":5,"minecraft:stone_axe":60,"minecraft:fishing_rod":1,"minecraft:cobblestone":8,"minecraft:cooked_porkchop":4,"minecraft:bone_meal":6},"minecraft:killed_by":{"minecraft:pillager":1},"minecraft:dropped":{"minecraft:baked_potato":25,"tombstone:christmas_gift":2,"minecraft:crafting_table":1,"minecraft:cooked_porkchop":18,"minecraft:saddle":1,"minecraft:leather_helmet":1,"tombstone:magic_scroll":1,"minecraft:snowball":16,"minecraft:pumpkin_pie":2,"minecraft:iron_axe":1,"minecraft:dark_oak_planks":8,"minecraft:iron_nugget":2,"minecraft:rotten_flesh":2,"minecraft:cooked_mutton":1,"tombstone:villager_gift":1,"tombstone:gemstone_of_familiar":1,"minecraft:filled_map":1,"alexscaves:cooked_radgill":1,"minecraft:stone_pickaxe":1,"waystones:waystone":2},"minecraft:picked_up":{"sophisticatedbackpacks:gold_backpack":1,"minecraft:fishing_rod":1,"minecraft:crafting_table":4,"minecraft:chicken":2,"minecraft:clay_ball":4,"minecraft:brown_bed":3,"minecraft:potion":1,"tombstone:gemstone_of_familiar":2,"minecraft:cornflower":2,"minecraft:string":2,"minecraft:iron_axe":1,"minecraft:spruce_planks":11,"minecraft:beef":11,"minecraft:iron_nugget":2,"minecraft:sugar_cane":1,"minecraft:furnace":4,"minecraft:egg":2,"minecraft:stick":15,"minecraft:raw_iron":16,"minecraft:torch":4,"minecraft:spruce_stairs":1,"minecraft:porkchop":5,"minecraft:cherry_log":16,"minecraft:pointed_dripstone":3,"minecraft:carrot":9,"minecraft:prismarine_crystals":4,"minecraft:dark_oak_planks":12,"minecraft:quartz_block":2,"tombstone:christmas_gift":2,"minecraft:arrow":2,"minecraft:light_gray_bed":2,"minecraft:rotten_flesh":13,"tombstone:gemstone_of_guardian":1,"minecraft:saddle":1,"minecraft:mutton":2,"minecraft:snowball":16,"minecraft:white_wool":1,"minecraft:cobblestone":222,"born_in_chaos_v1:corpse_maggot":1,"minecraft:feather":2,"minecraft:cherry_planks":45,"minecraft:leather":6,"minecraft:potato":4,"tombstone:villager_gift":2,"minecraft:magenta_dye":1,"minecraft:flint":4,"minecraft:oak_log":25,"minecraft:dirt":34,"minecraft:bone":4,"minecraft:bow":1,"minecraft:wheat_seeds":2,"tombstone:receptacle_of_familiar":1,"minecraft:iron_ingot":1,"tombstone:tablet_of_guard":1,"minecraft:oak_planks":19,"minecraft:oak_slab":5,"minecraft:cooked_porkchop":18,"minecraft:jungle_planks":4,"minecraft:sand":5,"minecraft:ink_sac":3,"alexscaves:cooked_radgill":1,"waystones:waystone":4,"minecraft:cherry_sapling":14,"minecraft:emerald":7,"minecraft:bread":3,"tombstone:magic_scroll":2,"minecraft:oak_sapling":9,"minecraft:coal":48,"minecraft:pink_dye":1},"minecraft:custom":{"minecraft:mob_kills":37,"minecraft:interact_with_crafting_table":32,"minecraft:open_barrel":22,"minecraft:damage_dealt_resisted":10,"minecraft:leave_game":3,"minecraft:time_since_death":115666,"minecraft:climb_one_cm":14033,"minecraft:sprint_one_cm":687620,"minecraft:walk_one_cm":613270,"minecraft:damage_blocked_by_shield":1240,"minecraft:drop":26,"minecraft:play_time":321226,"minecraft:deaths":2,"minecraft:sneak_time":2750,"minecraft:walk_under_water_one_cm":26739,"minecraft:jump":2928,"minecraft:walk_on_water_one_cm":37193,"minecraft:total_world_time":321226,"minecraft:interact_with_furnace":64,"tombstone:raider_killed":14,"minecraft:sleep_in_bed":12,"minecraft:time_since_rest":9514,"minecraft:waystone_activated":5,"minecraft:damage_taken":2741,"minecraft:damage_absorbed":10,"minecraft:damage_dealt":7205,"minecraft:swim_one_cm":47130,"minecraft:fly_one_cm":457464,"minecraft:open_chest":93,"minecraft:crouch_one_cm":3169,"tombstone:undead_killed":8,"minecraft:interact_with_smoker":1,"minecraft:fall_one_cm":60085},"minecraft:killed":{"born_in_chaos_v1:door_knight_not_despawn":1,"minecraft:spider":1,"minecraft:vindicator":7,"born_in_chaos_v1:maggot":3,"minecraft:skeleton":2,"minecraft:chicken":2,"born_in_chaos_v1:barrel_zombie":1,"minecraft:pig":2,"born_in_chaos_v1:decrepit_skeleton":3,"minecraft:sheep":1,"born_in_chaos_v1:zombie_fisherman":1,"minecraft:pillager":7,"born_in_chaos_v1:corpse_fly":1,"minecraft:cow":5},"minecraft:crafted":{"minecraft:cherry_planks":64,"minecraft:oak_planks":100,"minecraft:oak_sign":6,"minecraft:leather_boots":1,"minecraft:cooked_chicken":2,"minecraft:furnace":2,"minecraft:bone_meal":6,"minecraft:cooked_mutton":5,"minecraft:iron_axe":1,"minecraft:stone_pickaxe":1,"minecraft:chest":1,"minecraft:stone_hoe":1,"minecraft:cooked_beef":14,"minecraft:cooked_porkchop":7,"minecraft:crafting_table":2,"minecraft:wooden_pickaxe":1,"minecraft:baked_potato":58,"minecraft:cooked_salmon":5,"sophisticatedbackpacks:gold_backpack":1,"minecraft:stone_axe":1,"minecraft:iron_chestplate":1,"minecraft:shield":1,"minecraft:stick":40,"minecraft:iron_ingot":22,"minecraft:iron_leggings":1,"minecraft:torch":24},"minecraft:mined":{"minecraft:dark_oak_planks":4,"minecraft:spruce_planks":21,"minecraft:jungle_slab":1,"minecraft:cherry_log":16,"minecraft:cherry_sapling":2,"minecraft:grass_block":6,"minecraft:jungle_planks":4,"minecraft:light_gray_bed":2,"minecraft:spawner":4,"minecraft:glowstone":1,"minecraft:furnace":4,"minecraft:carrots":2,"minecraft:iron_ore":16,"minecraft:barrel":1,"minecraft:brown_bed":3,"minecraft:potatoes":1,"minecraft:packed_ice":85,"minecraft:stone":223,"minecraft:oak_slab":6,"minecraft:cherry_planks":31,"minecraft:quartz_block":3,"minecraft:crafting_table":3,"minecraft:jungle_stairs":1,"minecraft:oak_planks":11,"minecraft:spruce_stairs":5,"minecraft:spruce_log":2,"minecraft:grass":4,"minecraft:oak_log":25,"minecraft:coal_ore":15,"minecraft:cherry_leaves":1,"minecraft:sand":5,"minecraft:dirt":27,"minecraft:oak_leaves":14}},"DataVersion":3465}