{"stats":{"minecraft:killed_by":{"minecraft:pillager":1},"minecraft:custom":{"minecraft:mob_kills":37,"minecraft:interact_with_crafting_table":28,"minecraft:open_barrel":22,"minecraft:damage_dealt_resisted":10,"minecraft:leave_game":2,"minecraft:time_since_death":75298,"minecraft:climb_one_cm":14033,"minecraft:sprint_one_cm":666367,"minecraft:walk_one_cm":497558,"minecraft:damage_blocked_by_shield":1240,"minecraft:drop":24,"minecraft:play_time":280858,"minecraft:deaths":2,"minecraft:sneak_time":2282,"minecraft:walk_under_water_one_cm":12795,"minecraft:jump":2768,"minecraft:walk_on_water_one_cm":35882,"minecraft:total_world_time":280858,"minecraft:interact_with_furnace":57,"tombstone:raider_killed":14,"minecraft:sleep_in_bed":10,"minecraft:time_since_rest":55846,"minecraft:waystone_activated":5,"minecraft:damage_taken":2711,"minecraft:damage_absorbed":10,"minecraft:damage_dealt":7205,"minecraft:swim_one_cm":27337,"minecraft:fly_one_cm":450457,"minecraft:open_chest":77,"minecraft:crouch_one_cm":2858,"tombstone:undead_killed":8,"minecraft:interact_with_smoker":1,"minecraft:fall_one_cm":59396},"minecraft:mined":{"minecraft:dark_oak_planks":4,"minecraft:spruce_planks":21,"minecraft:jungle_slab":1,"minecraft:grass_block":5,"minecraft:jungle_planks":4,"minecraft:light_gray_bed":2,"minecraft:spawner":4,"minecraft:glowstone":1,"minecraft:furnace":4,"minecraft:carrots":1,"minecraft:iron_ore":16,"minecraft:barrel":1,"minecraft:brown_bed":1,"minecraft:packed_ice":85,"minecraft:stone":80,"minecraft:oak_slab":6,"minecraft:quartz_block":3,"minecraft:crafting_table":3,"minecraft:jungle_stairs":1,"minecraft:oak_planks":11,"minecraft:spruce_stairs":5,"minecraft:spruce_log":2,"minecraft:grass":4,"minecraft:oak_log":25,"minecraft:coal_ore":15,"minecraft:sand":5,"minecraft:dirt":26,"minecraft:oak_leaves":14},"minecraft:dropped":{"tombstone:christmas_gift":2,"minecraft:crafting_table":1,"minecraft:cooked_porkchop":18,"minecraft:saddle":1,"minecraft:leather_helmet":1,"tombstone:magic_scroll":1,"minecraft:snowball":16,"minecraft:pumpkin_pie":2,"minecraft:iron_axe":1,"minecraft:dark_oak_planks":8,"minecraft:iron_nugget":2,"minecraft:rotten_flesh":2,"tombstone:villager_gift":1,"tombstone:gemstone_of_familiar":1,"minecraft:filled_map":1,"alexscaves:cooked_radgill":1,"minecraft:stone_pickaxe":1,"waystones:waystone":2},"minecraft:used":{"minecraft:oak_sign":1,"minecraft:chest":1,"minecraft:spruce_planks":2,"minecraft:shield":35,"minecraft:iron_sword":77,"minecraft:cooked_chicken":2,"minecraft:iron_chestplate":2,"minecraft:torch":3,"minecraft:dirt":15,"born_in_chaos_v1:corpse_maggot":1,"born_in_chaos_v1:smoked_flesh":8,"minecraft:iron_axe":141,"minecraft:furnace":6,"minecraft:cooked_cod":1,"minecraft:egg":1,"minecraft:cooked_beef":14,"minecraft:light_gray_bed":2,"minecraft:iron_leggings":1,"minecraft:brown_bed":1,"minecraft:cooked_mutton":2,"minecraft:leather_leggings":1,"minecraft:stone_pickaxe":89,"minecraft:baked_potato":9,"minecraft:oak_planks":61,"minecraft:wooden_pickaxe":14,"minecraft:leather_boots":3,"minecraft:sand":2,"minecraft:oak_slab":1,"minecraft:crafting_table":5,"tombstone:villager_gift":1,"alexscaves:cooked_radgill":1,"waystones:waystone":1,"minecraft:bread":10,"minecraft:iron_pickaxe":51,"tombstone:magic_scroll":2,"tombstone:grave_key":5,"minecraft:stone_axe":60,"minecraft:fishing_rod":1,"minecraft:cobblestone":7,"minecraft:cooked_porkchop":4},"minecraft:killed":{"born_in_chaos_v1:door_knight_not_despawn":1,"minecraft:vindicator":7,"minecraft:spider":1,"born_in_chaos_v1:maggot":3,"minecraft:skeleton":2,"minecraft:chicken":2,"born_in_chaos_v1:barrel_zombie":1,"minecraft:pig":2,"born_in_chaos_v1:decrepit_skeleton":3,"minecraft:sheep":1,"born_in_chaos_v1:zombie_fisherman":1,"minecraft:pillager":7,"born_in_chaos_v1:corpse_fly":1,"minecraft:cow":5},"minecraft:crafted":{"minecraft:oak_planks":100,"minecraft:oak_sign":6,"minecraft:leather_boots":1,"minecraft:cooked_chicken":2,"minecraft:furnace":2,"minecraft:cooked_mutton":5,"minecraft:iron_axe":1,"minecraft:stone_pickaxe":1,"minecraft:chest":1,"minecraft:cooked_beef":14,"minecraft:cooked_porkchop":7,"minecraft:crafting_table":2,"minecraft:wooden_pickaxe":1,"minecraft:baked_potato":9,"minecraft:cooked_salmon":5,"minecraft:stone_axe":1,"minecraft:iron_chestplate":1,"minecraft:shield":1,"minecraft:stick":40,"minecraft:iron_ingot":22,"minecraft:iron_leggings":1,"minecraft:torch":24},"minecraft:picked_up":{"minecraft:fishing_rod":1,"sophisticatedbackpacks:gold_backpack":1,"minecraft:crafting_table":4,"minecraft:chicken":2,"minecraft:clay_ball":4,"minecraft:brown_bed":1,"minecraft:potion":1,"tombstone:gemstone_of_familiar":2,"minecraft:cornflower":2,"minecraft:string":2,"minecraft:iron_axe":1,"minecraft:spruce_planks":11,"minecraft:beef":11,"minecraft:iron_nugget":2,"minecraft:sugar_cane":1,"minecraft:egg":2,"minecraft:furnace":4,"minecraft:raw_iron":16,"minecraft:stick":9,"minecraft:torch":3,"minecraft:spruce_stairs":1,"minecraft:porkchop":5,"minecraft:pointed_dripstone":3,"minecraft:carrot":8,"minecraft:prismarine_crystals":4,"minecraft:dark_oak_planks":12,"minecraft:quartz_block":2,"tombstone:christmas_gift":2,"minecraft:arrow":2,"minecraft:light_gray_bed":2,"minecraft:rotten_flesh":13,"tombstone:gemstone_of_guardian":1,"minecraft:saddle":1,"minecraft:mutton":2,"minecraft:snowball":16,"minecraft:cobblestone":80,"minecraft:white_wool":1,"born_in_chaos_v1:corpse_maggot":1,"minecraft:feather":2,"minecraft:leather":6,"tombstone:villager_gift":2,"minecraft:flint":4,"minecraft:oak_log":25,"minecraft:dirt":32,"minecraft:bone":4,"minecraft:bow":1,"minecraft:wheat_seeds":2,"tombstone:receptacle_of_familiar":1,"minecraft:iron_ingot":1,"tombstone:tablet_of_guard":1,"minecraft:oak_planks":19,"minecraft:oak_slab":5,"minecraft:cooked_porkchop":18,"minecraft:sand":5,"minecraft:jungle_planks":4,"minecraft:ink_sac":3,"alexscaves:cooked_radgill":1,"waystones:waystone":4,"minecraft:emerald":7,"minecraft:bread":3,"tombstone:magic_scroll":2,"minecraft:oak_sapling":9,"minecraft:coal":48}},"DataVersion":3465}