{"stats":{"minecraft:dropped":{"minecraft:iron_nugget":2,"tombstone:christmas_gift":2,"minecraft:crafting_table":1,"minecraft:cooked_porkchop":18,"minecraft:saddle":1,"tombstone:villager_gift":1,"tombstone:gemstone_of_familiar":1,"minecraft:leather_helmet":1,"tombstone:magic_scroll":1,"alexscaves:cooked_radgill":1,"minecraft:pumpkin_pie":2,"minecraft:iron_axe":1,"waystones:waystone":2,"minecraft:stone_pickaxe":1,"minecraft:dark_oak_planks":8},"minecraft:used":{"minecraft:cooked_mutton":2,"minecraft:leather_leggings":1,"minecraft:baked_potato":3,"minecraft:stone_pickaxe":89,"minecraft:oak_planks":61,"minecraft:oak_sign":1,"minecraft:spruce_planks":1,"minecraft:wooden_pickaxe":14,"minecraft:shield":34,"minecraft:iron_sword":77,"minecraft:leather_boots":2,"minecraft:cooked_chicken":2,"minecraft:iron_chestplate":2,"minecraft:torch":1,"minecraft:dirt":15,"minecraft:oak_slab":1,"minecraft:crafting_table":4,"waystones:waystone":1,"tombstone:villager_gift":1,"alexscaves:cooked_radgill":1,"born_in_chaos_v1:smoked_flesh":8,"minecraft:iron_axe":84,"minecraft:bread":9,"minecraft:iron_pickaxe":21,"tombstone:magic_scroll":2,"tombstone:grave_key":5,"minecraft:stone_axe":60,"minecraft:furnace":5,"minecraft:cooked_porkchop":4,"minecraft:egg":1,"minecraft:cooked_beef":14,"minecraft:light_gray_bed":2,"minecraft:brown_bed":1},"minecraft:mined":{"minecraft:dark_oak_planks":4,"minecraft:oak_slab":6,"minecraft:spruce_planks":10,"minecraft:quartz_block":3,"minecraft:crafting_table":3,"minecraft:grass_block":5,"minecraft:light_gray_bed":2,"minecraft:oak_planks":11,"minecraft:spawner":4,"minecraft:spruce_stairs":3,"minecraft:glowstone":1,"minecraft:furnace":4,"minecraft:carrots":1,"minecraft:iron_ore":2,"minecraft:barrel":1,"minecraft:spruce_log":2,"minecraft:brown_bed":1,"minecraft:grass":4,"minecraft:oak_log":25,"minecraft:coal_ore":15,"minecraft:dirt":16,"minecraft:packed_ice":37,"minecraft:stone":64,"minecraft:oak_leaves":14},"minecraft:killed_by":{"minecraft:pillager":1},"minecraft:crafted":{"minecraft:cooked_beef":14,"minecraft:oak_planks":100,"minecraft:oak_sign":6,"minecraft:cooked_porkchop":7,"minecraft:leather_boots":1,"minecraft:crafting_table":2,"minecraft:baked_potato":9,"minecraft:wooden_pickaxe":1,"minecraft:cooked_chicken":2,"minecraft:furnace":2,"minecraft:cooked_salmon":2,"minecraft:stone_axe":1,"minecraft:cooked_mutton":5,"minecraft:iron_chestplate":1,"minecraft:shield":1,"minecraft:iron_axe":1,"minecraft:stick":40,"minecraft:iron_ingot":6,"minecraft:stone_pickaxe":1,"minecraft:torch":24},"minecraft:custom":{"minecraft:interact_with_furnace":49,"minecraft:mob_kills":30,"tombstone:raider_killed":14,"minecraft:interact_with_crafting_table":20,"minecraft:open_barrel":22,"minecraft:damage_dealt_resisted":10,"minecraft:leave_game":2,"minecraft:time_since_death":14441,"minecraft:sleep_in_bed":9,"minecraft:climb_one_cm":14033,"minecraft:time_since_rest":7854,"minecraft:waystone_activated":5,"minecraft:sprint_one_cm":497509,"minecraft:damage_absorbed":10,"minecraft:damage_taken":2649,"minecraft:walk_one_cm":394623,"minecraft:damage_blocked_by_shield":1230,"minecraft:drop":20,"minecraft:damage_dealt":6137,"minecraft:swim_one_cm":21470,"minecraft:fly_one_cm":323401,"minecraft:open_chest":53,"minecraft:crouch_one_cm":2417,"minecraft:play_time":220001,"tombstone:undead_killed":5,"minecraft:deaths":2,"minecraft:sneak_time":1799,"minecraft:walk_under_water_one_cm":5645,"minecraft:jump":2200,"minecraft:walk_on_water_one_cm":23788,"minecraft:interact_with_smoker":1,"minecraft:total_world_time":220001,"minecraft:fall_one_cm":54142},"minecraft:picked_up":{"sophisticatedbackpacks:gold_backpack":1,"minecraft:crafting_table":4,"minecraft:feather":2,"minecraft:chicken":2,"minecraft:leather":6,"minecraft:potion":1,"tombstone:gemstone_of_familiar":2,"minecraft:brown_bed":1,"tombstone:villager_gift":2,"minecraft:flint":4,"minecraft:oak_log":25,"minecraft:dirt":21,"minecraft:cornflower":2,"minecraft:string":2,"minecraft:iron_axe":1,"minecraft:bone":2,"minecraft:bow":1,"minecraft:wheat_seeds":2,"tombstone:receptacle_of_familiar":1,"minecraft:spruce_planks":1,"minecraft:iron_ingot":1,"minecraft:beef":11,"tombstone:tablet_of_guard":1,"minecraft:iron_nugget":2,"minecraft:sugar_cane":1,"minecraft:oak_planks":10,"minecraft:egg":2,"minecraft:furnace":4,"minecraft:oak_slab":5,"minecraft:stick":9,"minecraft:raw_iron":2,"minecraft:cooked_porkchop":18,"minecraft:torch":2,"minecraft:porkchop":5,"minecraft:pointed_dripstone":3,"minecraft:ink_sac":3,"minecraft:carrot":8,"minecraft:dark_oak_planks":12,"alexscaves:cooked_radgill":1,"minecraft:quartz_block":2,"tombstone:christmas_gift":2,"minecraft:light_gray_bed":2,"minecraft:rotten_flesh":11,"tombstone:gemstone_of_guardian":1,"waystones:waystone":4,"minecraft:saddle":1,"minecraft:emerald":5,"minecraft:bread":3,"tombstone:magic_scroll":2,"minecraft:oak_sapling":9,"minecraft:mutton":2,"minecraft:coal":48,"minecraft:white_wool":1,"minecraft:cobblestone":64},"minecraft:killed":{"minecraft:pig":2,"born_in_chaos_v1:door_knight_not_despawn":1,"minecraft:vindicator":7,"minecraft:spider":1,"born_in_chaos_v1:decrepit_skeleton":2,"minecraft:skeleton":2,"minecraft:sheep":1,"minecraft:pillager":7,"minecraft:chicken":2,"minecraft:cow":5}},"DataVersion":3465}