{"stats":{"minecraft:picked_up":{"minecraft:iron_chestplate":1,"minecraft:crafting_table":2,"minecraft:wheat":58,"minecraft:azure_bluet":1,"minecraft:andesite":9,"born_in_chaos_v1:spiritual_dust":2,"born_in_chaos_v1:seedof_chaos":2,"minecraft:tuff":14,"minecraft:oak_log":29,"born_in_chaos_v1:black_argillite":6,"minecraft:dirt":8,"minecraft:bone":2,"minecraft:wheat_seeds":176,"minecraft:cobbled_deepslate":72,"minecraft:sugar_cane":4,"minecraft:chest":1,"minecraft:egg":1,"minecraft:furnace":1,"minecraft:raw_iron":16,"minecraft:stick":6,"born_in_chaos_v1:shattered_skull":1,"minecraft:chiseled_stone_bricks":1,"minecraft:torch":3,"minecraft:dandelion":3,"minecraft:gravel":1,"tombstone:grave_dust":4,"minecraft:diorite":8,"minecraft:arrow":2,"minecraft:rotten_flesh":1,"minecraft:granite":17,"minecraft:oak_sapling":7,"minecraft:coal":113,"minecraft:cobblestone":272},"minecraft:crafted":{"minecraft:oak_planks":104,"minecraft:cooked_porkchop":3,"minecraft:crafting_table":3,"minecraft:wooden_pickaxe":1,"minecraft:furnace":1,"minecraft:stone_axe":1,"minecraft:iron_chestplate":2,"minecraft:stick":16,"minecraft:iron_ingot":16,"minecraft:stone_pickaxe":5,"minecraft:wooden_axe":1,"minecraft:torch":24},"minecraft:used":{"born_in_chaos_v1:spiritual_guide_sombrero_helmet":1,"minecraft:diorite":8,"minecraft:stone_pickaxe":444,"minecraft:prismarine":13,"minecraft:prismarine_stairs":4,"minecraft:chest":1,"minecraft:wooden_pickaxe":51,"minecraft:black_shulker_box":1,"minecraft:iron_chestplate":1,"minecraft:torch":16,"minecraft:crafting_table":5,"minecraft:black_concrete_powder":2,"minecraft:oak_log":3,"minecraft:wooden_axe":42,"minecraft:sea_lantern":48,"minecraft:grass_block":376,"minecraft:diorite_wall":1,"minecraft:prismarine_slab":2,"minecraft:chiseled_stone_bricks":770,"minecraft:stone_axe":7,"minecraft:cobblestone":10,"minecraft:furnace":1,"minecraft:oak_sapling":3,"minecraft:cooked_porkchop":2,"minecraft:magenta_glazed_terracotta":11,"minecraft:egg":1},"minecraft:killed":{"born_in_chaos_v1:bonescaller":1,"minecraft:zombie_villager":1,"minecraft:creeper":1,"minecraft:skeleton":1},"minecraft:mined":{"minecraft:tuff":14,"minecraft:crafting_table":2,"minecraft:torch":1,"minecraft:granite":17,"minecraft:grass_block":3,"born_in_chaos_v1:black_argillite":6,"minecraft:tall_grass":1,"minecraft:cobblestone":5,"minecraft:sugar_cane":4,"minecraft:diorite":8,"minecraft:wall_torch":1,"minecraft:furnace":1,"minecraft:iron_ore":16,"minecraft:wheat":62,"minecraft:andesite":9,"minecraft:grass":3,"minecraft:oak_log":29,"minecraft:pointed_dripstone":1,"minecraft:coal_ore":57,"minecraft:gravel":1,"minecraft:dirt":5,"minecraft:stone":277,"minecraft:oak_leaves":13,"minecraft:deepslate":74},"minecraft:killed_by":{"minecraft:zombie_villager":1,"minecraft:pillager":1},"minecraft:broken":{"minecraft:stone_pickaxe":3},"minecraft:custom":{"minecraft:interact_with_furnace":6,"minecraft:mob_kills":4,"minecraft:interact_with_crafting_table":10,"minecraft:open_shulker_box":1,"minecraft:damage_dealt_resisted":44,"minecraft:leave_game":3,"minecraft:time_since_death":63682,"minecraft:time_since_rest":61574,"minecraft:waystone_activated":2,"minecraft:sprint_one_cm":82453,"minecraft:damage_taken":1074,"minecraft:walk_one_cm":272481,"minecraft:drop":24,"minecraft:damage_dealt":809,"minecraft:swim_one_cm":928,"minecraft:fly_one_cm":240597,"minecraft:open_chest":4,"minecraft:crouch_one_cm":363,"minecraft:play_time":112995,"tombstone:undead_killed":3,"minecraft:deaths":5,"minecraft:sneak_time":453,"minecraft:walk_under_water_one_cm":858,"minecraft:jump":759,"minecraft:walk_on_water_one_cm":1445,"minecraft:total_world_time":112995,"minecraft:fall_one_cm":9426},"minecraft:dropped":{"born_in_chaos_v1:shattered_skull":1,"minecraft:wheat_seeds":5,"minecraft:smithing_table":1,"minecraft:lime_concrete":1,"minecraft:rotten_flesh":1,"minecraft:grass_block":1,"minecraft:chiseled_stone_bricks":1,"minecraft:sea_lantern":1,"born_in_chaos_v1:seedof_chaos":1,"minecraft:iron_chestplate":2,"minecraft:wooden_axe":1,"born_in_chaos_v1:spiritual_guide_sombrero_helmet":1,"minecraft:oak_sapling":4,"tombstone:grave_dust":4,"minecraft:black_shulker_box":1,"minecraft:magenta_glazed_terracotta":1,"minecraft:wooden_pickaxe":1}},"DataVersion":3465}