{"stats":{"minecraft:dropped":{"born_in_chaos_v1:shattered_skull":1,"minecraft:wheat_seeds":5,"minecraft:smithing_table":1,"minecraft:lime_concrete":1,"minecraft:rotten_flesh":1,"minecraft:grass_block":2,"minecraft:chiseled_stone_bricks":1,"minecraft:sea_lantern":1,"minecraft:deepslate_tiles":1,"born_in_chaos_v1:seedof_chaos":1,"minecraft:iron_chestplate":2,"minecraft:wooden_axe":1,"born_in_chaos_v1:spiritual_guide_sombrero_helmet":1,"minecraft:oak_sapling":4,"tombstone:grave_dust":4,"minecraft:black_shulker_box":1,"minecraft:magenta_glazed_terracotta":1,"minecraft:wooden_pickaxe":1,"minecraft:dandelion":3},"minecraft:used":{"born_in_chaos_v1:spiritual_guide_sombrero_helmet":1,"minecraft:deepslate_brick_wall":80,"minecraft:diorite":21,"minecraft:stone_pickaxe":444,"minecraft:prismarine":41,"minecraft:prismarine_stairs":13,"minecraft:chest":1,"minecraft:wooden_pickaxe":51,"minecraft:black_shulker_box":1,"minecraft:iron_chestplate":1,"minecraft:torch":16,"minecraft:crafting_table":5,"minecraft:black_concrete_powder":2,"minecraft:deepslate_tiles":66,"minecraft:oak_log":3,"minecraft:wooden_axe":42,"minecraft:sea_lantern":48,"minecraft:grass_block":376,"minecraft:quartz_block":1,"minecraft:diorite_wall":1,"minecraft:prismarine_wall":8,"minecraft:prismarine_slab":6,"minecraft:chiseled_stone_bricks":772,"minecraft:stone_axe":7,"minecraft:cobblestone":10,"minecraft:oak_sapling":3,"minecraft:furnace":1,"minecraft:cooked_porkchop":2,"minecraft:magenta_glazed_terracotta":11,"minecraft:egg":1,"minecraft:diorite_stairs":1},"minecraft:mined":{"minecraft:tuff":14,"minecraft:crafting_table":2,"minecraft:torch":1,"minecraft:granite":17,"minecraft:grass_block":3,"born_in_chaos_v1:black_argillite":6,"minecraft:tall_grass":1,"minecraft:cobblestone":5,"minecraft:sugar_cane":4,"minecraft:diorite":8,"minecraft:wall_torch":1,"minecraft:furnace":1,"minecraft:iron_ore":16,"minecraft:wheat":62,"minecraft:andesite":9,"minecraft:grass":3,"minecraft:oak_log":35,"minecraft:pointed_dripstone":1,"minecraft:coal_ore":57,"minecraft:gravel":1,"minecraft:dirt":5,"minecraft:stone":277,"minecraft:oak_leaves":16,"minecraft:deepslate":74},"minecraft:broken":{"minecraft:stone_pickaxe":3},"minecraft:killed_by":{"minecraft:zombie_villager":1,"minecraft:pillager":1,"born_in_chaos_v1:fallen_chaos_knight":1},"minecraft:crafted":{"minecraft:oak_planks":180,"minecraft:cooked_porkchop":3,"minecraft:crafting_table":3,"minecraft:wooden_pickaxe":1,"minecraft:furnace":1,"minecraft:stone_axe":1,"minecraft:iron_chestplate":2,"minecraft:stick":24,"minecraft:iron_ingot":16,"minecraft:stone_pickaxe":5,"minecraft:wooden_axe":2,"minecraft:torch":24},"minecraft:custom":{"minecraft:interact_with_furnace":6,"minecraft:mob_kills":4,"minecraft:interact_with_crafting_table":11,"minecraft:open_shulker_box":1,"minecraft:damage_dealt_resisted":44,"minecraft:leave_game":4,"minecraft:time_since_death":6505,"minecraft:time_since_rest":4106,"minecraft:waystone_activated":2,"minecraft:damage_taken":1497,"minecraft:sprint_one_cm":106635,"minecraft:walk_one_cm":319655,"minecraft:drop":29,"minecraft:damage_dealt":828,"minecraft:swim_one_cm":3782,"minecraft:fly_one_cm":312768,"minecraft:open_chest":4,"minecraft:crouch_one_cm":1771,"minecraft:play_time":146534,"tombstone:undead_killed":3,"minecraft:deaths":6,"minecraft:sneak_time":876,"minecraft:walk_under_water_one_cm":1068,"minecraft:jump":881,"minecraft:walk_on_water_one_cm":2323,"minecraft:total_world_time":146534,"minecraft:fall_one_cm":10262},"minecraft:picked_up":{"minecraft:crafting_table":2,"minecraft:iron_chestplate":1,"minecraft:wheat":58,"minecraft:azure_bluet":1,"minecraft:andesite":9,"born_in_chaos_v1:spiritual_dust":2,"born_in_chaos_v1:seedof_chaos":2,"minecraft:brown_bed":1,"minecraft:tuff":14,"minecraft:oak_log":48,"born_in_chaos_v1:black_argillite":6,"minecraft:dirt":8,"minecraft:bone":2,"minecraft:deepslate_tiles":1,"minecraft:wheat_seeds":176,"minecraft:cobbled_deepslate":72,"minecraft:sugar_cane":4,"minecraft:chest":1,"minecraft:furnace":1,"minecraft:egg":1,"minecraft:stick":6,"minecraft:raw_iron":16,"born_in_chaos_v1:shattered_skull":1,"minecraft:chiseled_stone_bricks":1,"minecraft:torch":3,"minecraft:dandelion":3,"minecraft:gravel":1,"tombstone:grave_dust":4,"minecraft:diorite":8,"minecraft:arrow":2,"minecraft:rotten_flesh":3,"minecraft:granite":17,"minecraft:oak_sapling":7,"minecraft:coal":145,"minecraft:cobblestone":272},"minecraft:killed":{"born_in_chaos_v1:bonescaller":1,"minecraft:zombie_villager":1,"minecraft:creeper":1,"minecraft:skeleton":1}},"DataVersion":3465}