{"stats":{"minecraft:picked_up":{"minecraft:stick":6,"minecraft:wheat":58,"born_in_chaos_v1:spiritual_dust":2,"born_in_chaos_v1:seedof_chaos":1,"minecraft:oak_log":29,"tombstone:grave_dust":2,"minecraft:bone":1,"minecraft:rotten_flesh":1,"minecraft:wheat_seeds":159,"minecraft:oak_sapling":7,"minecraft:sugar_cane":4,"minecraft:coal":18,"minecraft:cobblestone":24,"minecraft:egg":1},"minecraft:crafted":{"minecraft:oak_planks":80,"minecraft:crafting_table":2,"minecraft:stick":8,"minecraft:wooden_pickaxe":1,"minecraft:wooden_axe":1},"minecraft:used":{"minecraft:oak_log":3,"minecraft:wooden_axe":42,"minecraft:wooden_pickaxe":51,"minecraft:cobblestone":5,"minecraft:crafting_table":1,"minecraft:oak_sapling":3,"minecraft:egg":1},"minecraft:killed":{"minecraft:zombie_villager":1},"minecraft:mined":{"minecraft:wheat":62,"minecraft:grass":3,"minecraft:oak_log":29,"minecraft:coal_ore":18,"minecraft:cobblestone":5,"minecraft:stone":26,"minecraft:sugar_cane":4,"minecraft:oak_leaves":13},"minecraft:killed_by":{"minecraft:zombie_villager":1,"minecraft:pillager":1},"minecraft:custom":{"minecraft:time_since_rest":13240,"minecraft:sprint_one_cm":32923,"minecraft:damage_taken":890,"minecraft:walk_one_cm":54549,"minecraft:mob_kills":1,"minecraft:drop":3,"minecraft:damage_dealt":269,"minecraft:swim_one_cm":928,"minecraft:interact_with_crafting_table":3,"minecraft:fly_one_cm":28579,"minecraft:crouch_one_cm":348,"minecraft:play_time":18263,"tombstone:undead_killed":1,"minecraft:deaths":3,"minecraft:sneak_time":336,"minecraft:walk_under_water_one_cm":858,"minecraft:jump":203,"minecraft:leave_game":2,"minecraft:time_since_death":13386,"minecraft:walk_on_water_one_cm":1445,"minecraft:total_world_time":18263,"minecraft:fall_one_cm":5392},"minecraft:dropped":{"minecraft:oak_sapling":4,"tombstone:grave_dust":2,"minecraft:rotten_flesh":1}},"DataVersion":3465}