{"stats":{"minecraft:picked_up":{"minecraft:raw_iron":8,"minecraft:stick":6,"minecraft:crafting_table":1,"minecraft:wheat":58,"born_in_chaos_v1:spiritual_dust":2,"born_in_chaos_v1:seedof_chaos":1,"minecraft:torch":1,"minecraft:gravel":1,"minecraft:oak_log":29,"tombstone:grave_dust":2,"minecraft:diorite":8,"minecraft:dirt":3,"minecraft:bone":1,"minecraft:rotten_flesh":1,"minecraft:wheat_seeds":159,"minecraft:granite":17,"minecraft:oak_sapling":7,"minecraft:sugar_cane":4,"minecraft:coal":57,"minecraft:cobblestone":219,"minecraft:egg":1},"minecraft:crafted":{"minecraft:oak_planks":104,"minecraft:cooked_porkchop":3,"minecraft:crafting_table":3,"minecraft:stick":16,"minecraft:wooden_pickaxe":1,"minecraft:stone_pickaxe":3,"minecraft:wooden_axe":1,"minecraft:furnace":1,"minecraft:torch":24,"minecraft:stone_axe":1},"minecraft:used":{"minecraft:oak_log":3,"minecraft:wooden_axe":42,"minecraft:stone_pickaxe":263,"minecraft:wooden_pickaxe":51,"minecraft:torch":6,"minecraft:stone_axe":1,"minecraft:cobblestone":5,"minecraft:crafting_table":4,"minecraft:furnace":1,"minecraft:oak_sapling":3,"minecraft:cooked_porkchop":2,"minecraft:egg":1},"minecraft:killed":{"minecraft:zombie_villager":1},"minecraft:mined":{"minecraft:iron_ore":8,"minecraft:wheat":62,"minecraft:crafting_table":1,"minecraft:granite":17,"minecraft:grass":3,"minecraft:grass_block":3,"minecraft:oak_log":29,"minecraft:coal_ore":48,"minecraft:gravel":1,"minecraft:cobblestone":5,"minecraft:stone":223,"minecraft:sugar_cane":4,"minecraft:diorite":8,"minecraft:oak_leaves":13,"minecraft:wall_torch":1},"minecraft:killed_by":{"minecraft:zombie_villager":1,"minecraft:pillager":1},"minecraft:broken":{"minecraft:stone_pickaxe":2},"minecraft:custom":{"minecraft:time_since_rest":25240,"minecraft:interact_with_furnace":3,"minecraft:sprint_one_cm":32923,"minecraft:damage_taken":900,"minecraft:walk_one_cm":77518,"minecraft:mob_kills":1,"minecraft:drop":5,"minecraft:damage_dealt":269,"minecraft:swim_one_cm":928,"minecraft:interact_with_crafting_table":6,"minecraft:fly_one_cm":28605,"minecraft:crouch_one_cm":348,"minecraft:play_time":30263,"tombstone:undead_killed":1,"minecraft:deaths":3,"minecraft:sneak_time":336,"minecraft:walk_under_water_one_cm":858,"minecraft:jump":268,"minecraft:leave_game":2,"minecraft:time_since_death":25386,"minecraft:walk_on_water_one_cm":1445,"minecraft:total_world_time":30263,"minecraft:fall_one_cm":6474},"minecraft:dropped":{"minecraft:wooden_axe":1,"minecraft:oak_sapling":4,"tombstone:grave_dust":2,"minecraft:rotten_flesh":1,"minecraft:wooden_pickaxe":1}},"DataVersion":3465}