{"stats":{"minecraft:picked_up":{"minecraft:iron_chestplate":1,"minecraft:crafting_table":2,"minecraft:wheat":58,"minecraft:andesite":9,"born_in_chaos_v1:spiritual_dust":2,"born_in_chaos_v1:seedof_chaos":1,"minecraft:tuff":14,"minecraft:oak_log":29,"born_in_chaos_v1:black_argillite":6,"minecraft:dirt":8,"minecraft:bone":2,"minecraft:wheat_seeds":159,"minecraft:cobbled_deepslate":72,"minecraft:sugar_cane":4,"minecraft:chest":1,"minecraft:furnace":1,"minecraft:egg":1,"minecraft:stick":6,"minecraft:raw_iron":16,"minecraft:torch":3,"minecraft:gravel":1,"tombstone:grave_dust":2,"minecraft:diorite":8,"minecraft:arrow":2,"minecraft:rotten_flesh":1,"minecraft:granite":17,"minecraft:oak_sapling":7,"minecraft:coal":113,"minecraft:cobblestone":272},"minecraft:crafted":{"minecraft:oak_planks":104,"minecraft:cooked_porkchop":3,"minecraft:crafting_table":3,"minecraft:wooden_pickaxe":1,"minecraft:furnace":1,"minecraft:stone_axe":1,"minecraft:iron_chestplate":2,"minecraft:stick":16,"minecraft:iron_ingot":16,"minecraft:stone_pickaxe":5,"minecraft:wooden_axe":1,"minecraft:torch":24},"minecraft:used":{"minecraft:diorite":8,"minecraft:stone_pickaxe":444,"minecraft:chest":1,"minecraft:wooden_pickaxe":51,"minecraft:iron_chestplate":1,"minecraft:torch":16,"minecraft:crafting_table":5,"minecraft:oak_log":3,"minecraft:wooden_axe":42,"minecraft:stone_axe":7,"minecraft:cobblestone":10,"minecraft:oak_sapling":3,"minecraft:furnace":1,"minecraft:cooked_porkchop":2,"minecraft:egg":1},"minecraft:killed":{"minecraft:zombie_villager":1,"minecraft:skeleton":1},"minecraft:mined":{"minecraft:tuff":14,"minecraft:crafting_table":2,"minecraft:torch":1,"minecraft:granite":17,"minecraft:grass_block":3,"born_in_chaos_v1:black_argillite":6,"minecraft:tall_grass":1,"minecraft:cobblestone":5,"minecraft:sugar_cane":4,"minecraft:diorite":8,"minecraft:wall_torch":1,"minecraft:furnace":1,"minecraft:iron_ore":16,"minecraft:wheat":62,"minecraft:andesite":9,"minecraft:grass":3,"minecraft:pointed_dripstone":1,"minecraft:coal_ore":57,"minecraft:oak_log":29,"minecraft:gravel":1,"minecraft:dirt":5,"minecraft:stone":277,"minecraft:oak_leaves":13,"minecraft:deepslate":74},"minecraft:killed_by":{"minecraft:zombie_villager":1,"minecraft:pillager":1},"minecraft:broken":{"minecraft:stone_pickaxe":3},"minecraft:custom":{"minecraft:interact_with_furnace":6,"minecraft:mob_kills":2,"minecraft:interact_with_crafting_table":10,"minecraft:leave_game":3,"minecraft:time_since_death":40575,"minecraft:time_since_rest":40429,"minecraft:sprint_one_cm":40152,"minecraft:damage_taken":1074,"minecraft:walk_one_cm":114632,"minecraft:drop":7,"minecraft:damage_dealt":469,"minecraft:swim_one_cm":928,"minecraft:fly_one_cm":41049,"minecraft:open_chest":3,"minecraft:crouch_one_cm":348,"minecraft:play_time":45452,"tombstone:undead_killed":2,"minecraft:deaths":3,"minecraft:sneak_time":336,"minecraft:walk_under_water_one_cm":858,"minecraft:jump":361,"minecraft:walk_on_water_one_cm":1445,"minecraft:total_world_time":45452,"minecraft:fall_one_cm":9426},"minecraft:dropped":{"minecraft:rotten_flesh":1,"minecraft:iron_chestplate":2,"minecraft:wooden_axe":1,"minecraft:oak_sapling":4,"tombstone:grave_dust":2,"minecraft:wooden_pickaxe":1}},"DataVersion":3465}