{"stats":{"minecraft:dropped":{"born_in_chaos_v1:shattered_skull":1,"minecraft:porkchop":2,"minecraft:wheat_seeds":25,"tombstone:christmas_gift":1,"minecraft:deepslate_brick_wall":1,"minecraft:smithing_table":1,"minecraft:crafting_table":2,"minecraft:feather":2,"minecraft:granite":13,"minecraft:grass_block":2,"minecraft:flint":1,"minecraft:dirt":5,"minecraft:diorite":6,"minecraft:cornflower":1,"tombstone:grave_key":4,"minecraft:wooden_axe":1,"tombstone:grave_dust":5,"minecraft:black_shulker_box":1,"minecraft:magenta_glazed_terracotta":1,"minecraft:dandelion":4,"minecraft:cobbled_deepslate":66,"born_in_chaos_v1:fire_dust":1,"minecraft:lime_concrete":1,"minecraft:rotten_flesh":5,"minecraft:oak_planks":2,"born_in_chaos_v1:spiritual_dust":3,"tombstone:villager_gift":1,"minecraft:azure_bluet":1,"minecraft:chiseled_stone_bricks":2,"minecraft:sea_lantern":1,"minecraft:deepslate_tiles":1,"born_in_chaos_v1:seedof_chaos":5,"minecraft:iron_chestplate":2,"minecraft:diorite_wall":1,"minecraft:andesite":7,"born_in_chaos_v1:spiritual_guide_sombrero_helmet":1,"minecraft:oak_sapling":4,"minecraft:stone_pickaxe":1,"minecraft:wooden_pickaxe":3},"minecraft:used":{"born_in_chaos_v1:spiritual_guide_sombrero_helmet":1,"minecraft:diorite_stairs":1,"minecraft:chest":1,"minecraft:iron_chestplate":1,"minecraft:torch":59,"minecraft:wooden_axe":42,"minecraft:sea_lantern":48,"minecraft:grass_block":376,"minecraft:quartz_block":1,"minecraft:diorite_wall":1,"minecraft:prismarine_slab":6,"minecraft:furnace":5,"minecraft:oak_sapling":3,"tombstone:gift":3,"minecraft:egg":1,"minecraft:cobbled_deepslate":12,"minecraft:deepslate_brick_wall":80,"minecraft:diorite":21,"minecraft:stone_pickaxe":1443,"minecraft:prismarine":41,"minecraft:prismarine_stairs":13,"minecraft:wooden_pickaxe":54,"minecraft:black_shulker_box":1,"minecraft:crafting_table":11,"minecraft:black_concrete_powder":2,"minecraft:deepslate_tiles":66,"minecraft:oak_log":3,"minecraft:bread":4,"minecraft:iron_pickaxe":22,"tombstone:grave_key":7,"minecraft:gravel":5,"minecraft:prismarine_wall":8,"minecraft:stone_axe":119,"minecraft:chiseled_stone_bricks":772,"minecraft:cobblestone":30,"minecraft:cooked_porkchop":4,"minecraft:porkchop":1,"minecraft:magenta_glazed_terracotta":11},"minecraft:broken":{"minecraft:stone_pickaxe":10,"minecraft:stone_axe":1},"minecraft:mined":{"minecraft:tuff":35,"minecraft:deepslate_diamond_ore":5,"minecraft:granite":30,"minecraft:grass_block":5,"born_in_chaos_v1:black_argillite":6,"minecraft:furnace":3,"minecraft:iron_ore":20,"minecraft:cobbled_deepslate":1,"minecraft:andesite":16,"minecraft:pointed_dripstone":1,"minecraft:deepslate_iron_ore":13,"minecraft:stone":554,"minecraft:dandelion":2,"minecraft:crafting_table":7,"minecraft:cornflower":1,"minecraft:torch":4,"minecraft:copper_ore":5,"minecraft:tall_grass":5,"minecraft:cobblestone":5,"minecraft:deepslate_gold_ore":7,"minecraft:lapis_ore":4,"minecraft:sugar_cane":10,"minecraft:diorite":10,"minecraft:wall_torch":5,"minecraft:deepslate_copper_ore":1,"minecraft:wheat":62,"minecraft:birch_leaves":2,"minecraft:bee_nest":1,"minecraft:grass":35,"minecraft:coal_ore":104,"minecraft:oak_log":76,"minecraft:gravel":53,"minecraft:dirt":11,"minecraft:oak_leaves":41,"minecraft:deepslate":620},"minecraft:killed_by":{"minecraft:zombie_villager":1,"minecraft:pillager":1,"born_in_chaos_v1:fallen_chaos_knight":1,"minecraft:skeleton":1,"born_in_chaos_v1:scarlet_persecutor":1,"born_in_chaos_v1:dread_hound":1},"minecraft:crafted":{"minecraft:oak_planks":344,"minecraft:furnace":2,"minecraft:stone_pickaxe":13,"minecraft:cooked_porkchop":24,"minecraft:crafting_table":5,"minecraft:wooden_pickaxe":2,"minecraft:stone_axe":3,"minecraft:iron_chestplate":2,"minecraft:stick":52,"minecraft:iron_ingot":20,"minecraft:iron_pickaxe":1,"minecraft:wooden_axe":2,"minecraft:torch":68},"minecraft:custom":{"minecraft:mob_kills":25,"minecraft:interact_with_crafting_table":25,"minecraft:open_barrel":5,"minecraft:open_shulker_box":1,"minecraft:damage_dealt_resisted":44,"minecraft:leave_game":9,"minecraft:time_since_death":67442,"minecraft:sprint_one_cm":270921,"minecraft:walk_one_cm":690565,"minecraft:drop":73,"minecraft:play_time":255358,"minecraft:deaths":10,"minecraft:sneak_time":1035,"minecraft:walk_under_water_one_cm":2701,"minecraft:jump":2378,"minecraft:walk_on_water_one_cm":5253,"minecraft:total_world_time":255358,"minecraft:interact_with_furnace":25,"minecraft:time_since_rest":66640,"minecraft:waystone_activated":2,"minecraft:damage_taken":2567,"minecraft:damage_dealt":3108,"minecraft:swim_one_cm":6212,"minecraft:fly_one_cm":501378,"minecraft:open_chest":8,"minecraft:crouch_one_cm":2011,"tombstone:undead_killed":4,"minecraft:fall_one_cm":37574},"minecraft:picked_up":{"minecraft:iron_chestplate":1,"minecraft:crafting_table":8,"minecraft:wheat":58,"minecraft:azure_bluet":1,"minecraft:chicken":1,"born_in_chaos_v1:seedof_chaos":6,"minecraft:wooden_pickaxe":1,"minecraft:brown_bed":1,"tombstone:grave_key":1,"born_in_chaos_v1:black_argillite":6,"minecraft:cornflower":1,"minecraft:raw_copper":22,"minecraft:deepslate_tiles":1,"minecraft:cobbled_deepslate":577,"minecraft:beef":4,"minecraft:sugar_cane":15,"minecraft:chest":1,"minecraft:egg":1,"minecraft:furnace":4,"minecraft:raw_iron":33,"minecraft:stick":13,"born_in_chaos_v1:shattered_skull":2,"minecraft:torch":11,"minecraft:porkchop":35,"tombstone:grave_dust":4,"minecraft:diorite":14,"minecraft:arrow":2,"minecraft:rotten_flesh":5,"minecraft:cobblestone":548,"minecraft:feather":2,"minecraft:cooked_beef":4,"born_in_chaos_v1:monster_flesh":1,"born_in_chaos_v1:spiritual_dust":5,"minecraft:andesite":16,"minecraft:leather":4,"minecraft:flint":5,"minecraft:tuff":14,"minecraft:oak_log":89,"minecraft:lapis_lazuli":28,"minecraft:dirt":18,"minecraft:bone":3,"minecraft:apple":2,"minecraft:wheat_seeds":184,"minecraft:raw_gold":7,"minecraft:stone_pickaxe":1,"minecraft:oak_planks":46,"minecraft:chiseled_stone_bricks":2,"minecraft:dandelion":4,"minecraft:gravel":6,"born_in_chaos_v1:fire_dust":1,"minecraft:diamond":5,"minecraft:granite":43,"minecraft:bread":4,"minecraft:oak_sapling":20,"minecraft:coal":217},"minecraft:killed":{"minecraft:spider":1,"minecraft:skeleton":2,"minecraft:chicken":1,"born_in_chaos_v1:bonescaller":1,"minecraft:pig":14,"minecraft:zombie_villager":1,"minecraft:creeper":1,"born_in_chaos_v1:dread_hound":1,"minecraft:cow":3}},"DataVersion":3465}