{"stats":{"minecraft:picked_up":{"minecraft:wheat":58,"minecraft:bone":1,"born_in_chaos_v1:spiritual_dust":2,"born_in_chaos_v1:seedof_chaos":1,"minecraft:wheat_seeds":159,"minecraft:oak_log":5,"minecraft:egg":1},"minecraft:crafted":{"minecraft:oak_planks":20,"minecraft:crafting_table":1,"minecraft:stick":8,"minecraft:wooden_axe":1},"minecraft:used":{"minecraft:wooden_axe":1,"minecraft:crafting_table":1,"minecraft:egg":1},"minecraft:mined":{"minecraft:oak_log":6,"minecraft:wheat":62},"minecraft:killed_by":{"minecraft:zombie_villager":1,"minecraft:pillager":1},"minecraft:custom":{"minecraft:time_since_rest":1240,"minecraft:crouch_one_cm":75,"minecraft:sprint_one_cm":4252,"minecraft:play_time":6263,"minecraft:deaths":3,"minecraft:damage_taken":820,"minecraft:walk_one_cm":25165,"minecraft:sneak_time":6,"minecraft:jump":47,"minecraft:damage_dealt":19,"minecraft:leave_game":2,"minecraft:time_since_death":1386,"minecraft:total_world_time":6263,"minecraft:interact_with_crafting_table":2,"minecraft:fall_one_cm":1826,"minecraft:fly_one_cm":1255}},"DataVersion":3465}