{"stats":{"minecraft:picked_up":{"born_in_chaos_v1:fused_bone":2,"minecraft:stick":4,"minecraft:crafting_table":4,"minecraft:dandelion":1,"minecraft:porkchop":67,"minecraft:oak_log":18,"born_in_chaos_v1:pieceofdarkmetal":4,"minecraft:dirt":18,"minecraft:rotten_flesh":2,"minecraft:wheat_seeds":1,"waystones:waystone":2,"minecraft:oak_sapling":15,"minecraft:cobblestone":24,"minecraft:furnace":1},"minecraft:crafted":{"minecraft:oak_planks":20,"minecraft:cooked_porkchop":8,"minecraft:crafting_table":2,"minecraft:stick":4,"minecraft:wooden_pickaxe":1,"minecraft:stone_pickaxe":1,"minecraft:furnace":1,"minecraft:stone_axe":1,"minecraft:air":0},"minecraft:used":{"minecraft:stone_pickaxe":20,"minecraft:wooden_pickaxe":10,"minecraft:stone_axe":92,"minecraft:dirt":8,"minecraft:crafting_table":4,"minecraft:furnace":1,"minecraft:cooked_porkchop":5},"minecraft:killed":{"born_in_chaos_v1:fallen_chaos_knight":1,"minecraft:pig":23,"born_in_chaos_v1:siamese_skeletonsleft":1},"minecraft:mined":{"minecraft:furnace":1,"minecraft:dandelion":1,"minecraft:crafting_table":4,"minecraft:grass":9,"minecraft:grass_block":4,"minecraft:oak_log":18,"minecraft:dirt":14,"minecraft:tall_grass":7,"minecraft:stone":24,"minecraft:oak_leaves":16},"minecraft:killed_by":{"born_in_chaos_v1:scarlet_persecutor":1},"minecraft:custom":{"minecraft:time_since_rest":345,"minecraft:interact_with_furnace":5,"minecraft:sprint_one_cm":74559,"minecraft:damage_taken":690,"minecraft:walk_one_cm":67931,"minecraft:mob_kills":25,"minecraft:damage_dealt":2829,"minecraft:swim_one_cm":7978,"minecraft:interact_with_crafting_table":5,"minecraft:fly_one_cm":233251,"minecraft:crouch_one_cm":4667,"minecraft:deaths":2,"minecraft:play_time":27643,"tombstone:undead_killed":2,"minecraft:sneak_time":2187,"minecraft:walk_under_water_one_cm":291,"minecraft:jump":861,"minecraft:leave_game":1,"minecraft:walk_on_water_one_cm":976,"minecraft:time_since_death":0,"minecraft:total_world_time":27643,"minecraft:fall_one_cm":26548}},"DataVersion":3465}