{"stats":{"minecraft:killed":{"minecraft:cave_spider":3,"born_in_chaos_v1:restless_spirit":1,"minecraft:spider":3,"born_in_chaos_v1:scarlet_persecutor":1,"born_in_chaos_v1:maggot":1,"minecraft:skeleton":12,"born_in_chaos_v1:firelight_not_despawn":2,"born_in_chaos_v1:fallen_chaos_knight":1,"minecraft:husk":10,"minecraft:pig":24,"born_in_chaos_v1:baby_skeleton":1,"minecraft:creeper":1,"born_in_chaos_v1:decrepit_skeleton":3,"minecraft:sheep":3,"minecraft:pillager":1,"minecraft:zombie":2,"born_in_chaos_v1:dread_hound":3,"born_in_chaos_v1:corpse_fly":1,"born_in_chaos_v1:siamese_skeletonsleft":1,"minecraft:cow":4},"minecraft:crafted":{"minecraft:oak_planks":108,"minecraft:tripwire_hook":2,"minecraft:furnace":2,"minecraft:stone_pickaxe":4,"minecraft:chest":6,"minecraft:wheat":54,"minecraft:cooked_beef":6,"minecraft:coal_block":12,"sophisticatedbackpacks:backpack":1,"minecraft:cooked_porkchop":41,"minecraft:crafting_table":5,"minecraft:spruce_planks":32,"minecraft:wooden_pickaxe":1,"minecraft:spruce_door":3,"minecraft:stone_axe":3,"minecraft:bread":18,"minecraft:air":0,"minecraft:shield":1,"minecraft:stick":20,"minecraft:white_bed":2,"sophisticatedbackpacks:netherite_backpack":1,"minecraft:torch":40,"minecraft:shears":1,"minecraft:trapped_chest":2},"minecraft:custom":{"minecraft:interact_with_smithing_table":1,"minecraft:mob_kills":78,"minecraft:interact_with_crafting_table":45,"minecraft:open_barrel":19,"minecraft:damage_dealt_resisted":116,"minecraft:eat_cake_slice":4,"minecraft:leave_game":8,"minecraft:time_since_death":134735,"minecraft:climb_one_cm":3411,"minecraft:sprint_one_cm":832885,"minecraft:walk_one_cm":1111364,"minecraft:damage_blocked_by_shield":1050,"minecraft:drop":60,"minecraft:play_noteblock":47,"minecraft:talked_to_villager":1,"minecraft:play_time":509465,"minecraft:deaths":12,"minecraft:sneak_time":14559,"minecraft:walk_under_water_one_cm":38765,"minecraft:jump":6404,"minecraft:interact_with_blast_furnace":6,"minecraft:walk_on_water_one_cm":16424,"minecraft:total_world_time":509465,"minecraft:interact_with_furnace":30,"tombstone:raider_killed":1,"minecraft:tune_noteblock":2,"minecraft:sleep_in_bed":7,"minecraft:time_since_rest":30868,"minecraft:waystone_activated":8,"minecraft:damage_taken":4477,"minecraft:damage_dealt":15417,"minecraft:swim_one_cm":49832,"minecraft:fly_one_cm":2001518,"minecraft:open_chest":55,"minecraft:crouch_one_cm":44058,"tombstone:undead_killed":30,"minecraft:fall_one_cm":142839},"minecraft:used":{"born_in_chaos_v1:spiritual_guide_sombrero_helmet":1,"minecraft:armor_stand":14,"minecraft:redstone":1,"minecraft:chest":6,"minecraft:shield":13,"minecraft:iron_sword":230,"minecraft:stone":5,"minecraft:iron_chestplate":2,"minecraft:torch":51,"minecraft:dirt":92,"minecraft:diamond_helmet":1,"minecraft:sea_lantern":156,"minecraft:iron_axe":14,"minecraft:grass_block":11,"waterframes:frame":10,"minecraft:iron_boots":1,"born_in_chaos_v1:spawn_structures_dark_tower":1,"born_in_chaos_v1:spawn_structures_firewell":1,"born_in_chaos_v1:gnawed_bones":2,"minecraft:stone_brick_stairs":15,"minecraft:stone_bricks":27,"minecraft:bow":2,"minecraft:furnace":5,"minecraft:egg":1,"tombstone:gift":10,"minecraft:brown_bed":3,"minecraft:deepslate_brick_wall":10,"minecraft:cooked_mutton":1,"minecraft:water_bucket":8,"minecraft:diorite":1,"minecraft:cobblestone_stairs":30,"minecraft:spruce_door":2,"minecraft:baked_potato":2,"minecraft:oak_planks":9,"minecraft:stone_pickaxe":326,"minecraft:wooden_pickaxe":10,"minecraft:oak_leaves":1,"minecraft:tnt":6,"minecraft:crafting_table":11,"born_in_chaos_v1:spawn_structures_lookout_tower":1,"minecraft:white_bed":2,"minecraft:note_block":10,"minecraft:dripstone_block":9,"minecraft:shears":83,"minecraft:deepslate_tiles":4,"minecraft:redstone_torch":1,"tombstone:bag_of_seeds":1,"waystones:waystone":7,"minecraft:cornflower":1,"minecraft:bread":2,"minecraft:cyan_bed":1,"minecraft:iron_pickaxe":497,"minecraft:oak_button":1,"tombstone:grave_key":6,"minecraft:chiseled_stone_bricks":1603,"minecraft:stone_axe":198,"minecraft:golden_helmet":1,"minecraft:pink_petals":2,"minecraft:cobblestone":115,"minecraft:cooked_porkchop":36,"minecraft:bucket":7,"minecraft:magenta_glazed_terracotta":40,"minecraft:pumpkin_pie":11,"minecraft:dandelion":1,"minecraft:splash_potion":7},"minecraft:mined":{"minecraft:yellow_wall_banner":1,"minecraft:granite":4,"minecraft:grass_block":52,"minecraft:coal_block":3,"minecraft:spruce_leaves":3,"born_in_chaos_v1:gnawed_bones":1,"minecraft:spawner":6,"minecraft:large_fern":5,"minecraft:hay_block":6,"minecraft:furnace":3,"minecraft:iron_ore":9,"minecraft:fire":2,"minecraft:acacia_wood":1,"minecraft:andesite":12,"minecraft:pumpkin":1,"minecraft:stripped_dark_oak_wood":1,"minecraft:brown_bed":4,"minecraft:polished_deepslate":4,"minecraft:pointed_dripstone":5,"minecraft:stone":419,"minecraft:player_head":1,"minecraft:white_wool":18,"minecraft:cherry_planks":14,"minecraft:dandelion":1,"minecraft:cornflower":2,"minecraft:crafting_table":6,"minecraft:note_block":19,"minecraft:torch":3,"minecraft:blast_furnace":1,"minecraft:calcite":15,"minecraft:copper_ore":8,"minecraft:tall_grass":77,"minecraft:cobblestone":46,"born_in_chaos_v1:chipped_black_argillite_brick":2,"minecraft:cyan_bed":1,"minecraft:diorite":54,"minecraft:wall_torch":5,"minecraft:pink_petals":4,"minecraft:ice":2,"minecraft:spruce_log":8,"minecraft:grass":59,"minecraft:oak_log":39,"minecraft:coal_ore":161,"minecraft:dirt":116,"minecraft:dripstone_block":19,"minecraft:cobweb":74,"minecraft:cracked_stone_bricks":3,"minecraft:stone_bricks":4,"minecraft:oak_leaves":29,"minecraft:polished_deepslate_wall":2,"minecraft:deepslate":8},"minecraft:broken":{"minecraft:stone_pickaxe":2,"minecraft:iron_pickaxe":1},"minecraft:picked_up":{"minecraft:magenta_glazed_terracotta":1,"minecraft:crafting_table":6,"minecraft:iron_chestplate":1,"minecraft:azure_bluet":1,"born_in_chaos_v1:seedof_chaos":1,"minecraft:smithing_table":1,"minecraft:brown_bed":4,"minecraft:polished_deepslate_wall":2,"minecraft:polished_deepslate":4,"minecraft:cornflower":3,"minecraft:string":9,"minecraft:raw_copper":31,"minecraft:cracked_stone_bricks":3,"minecraft:black_shulker_box":1,"minecraft:cobbled_deepslate":6,"minecraft:spruce_planks":22,"minecraft:beef":11,"born_in_chaos_v1:gnawed_bones":2,"minecraft:player_head":1,"minecraft:calcite":11,"minecraft:poppy":1,"minecraft:iron_pickaxe":1,"minecraft:coal_block":3,"minecraft:chest":2,"minecraft:furnace":3,"minecraft:egg":2,"minecraft:stick":10,"minecraft:raw_iron":9,"born_in_chaos_v1:shattered_skull":1,"minecraft:torch":10,"minecraft:note_block":19,"minecraft:porkchop":69,"minecraft:pointed_dripstone":8,"tombstone:grave_dust":9,"minecraft:diorite":53,"born_in_chaos_v1:pieceofdarkmetal":4,"minecraft:redstone":1,"minecraft:stone_pressure_plate":1,"minecraft:yellow_banner":1,"tombstone:christmas_gift":1,"minecraft:arrow":6,"minecraft:rotten_flesh":23,"minecraft:hay_block":6,"minecraft:stripped_dark_oak_wood":1,"tombstone:essence_of_undeath":1,"minecraft:white_wool":26,"minecraft:cobblestone":463,"minecraft:oxeye_daisy":1,"born_in_chaos_v1:fused_bone":2,"minecraft:pink_petals":7,"born_in_chaos_v1:corpse_maggot":2,"minecraft:cooked_beef":4,"born_in_chaos_v1:monster_flesh":3,"born_in_chaos_v1:spiritual_dust":2,"minecraft:tripwire_hook":2,"minecraft:andesite":12,"minecraft:leather":8,"minecraft:acacia_wood":1,"born_in_chaos_v1:staff_of_magic_arrows":1,"minecraft:oak_log":43,"minecraft:dirt":164,"born_in_chaos_v1:monster_skin":2,"born_in_chaos_v1:marigolds":1,"minecraft:cooked_mutton":1,"minecraft:bone":16,"minecraft:apple":2,"minecraft:stone_bricks":4,"minecraft:wheat_seeds":34,"born_in_chaos_v1:chipped_black_argillite_brick":2,"minecraft:cobweb":51,"tombstone:bag_of_seeds":1,"minecraft:cooked_porkchop":2,"minecraft:chiseled_stone_bricks":2,"minecraft:lime_concrete":1,"born_in_chaos_v1:ethereal_spirit":3,"minecraft:dandelion":6,"minecraft:dripstone_block":16,"minecraft:spruce_sapling":5,"minecraft:blast_furnace":1,"minecraft:grass_block":2,"minecraft:spruce_log":8,"minecraft:cyan_bed":1,"minecraft:spruce_door":3,"minecraft:sea_lantern":1,"minecraft:spider_eye":1,"born_in_chaos_v1:fire_dust":4,"minecraft:stone_axe":1,"waystones:waystone":6,"minecraft:granite":4,"minecraft:baked_potato":25,"tombstone:magic_scroll":2,"minecraft:oak_sapling":25,"born_in_chaos_v1:spiritual_guide_sombrero_helmet":1,"minecraft:coal":158},"minecraft:killed_by":{"minecraft:husk":2,"born_in_chaos_v1:scarlet_persecutor":2},"minecraft:dropped":{"minecraft:enchanted_book":1,"minecraft:wheat_seeds":7,"minecraft:oak_log":17,"minecraft:cooked_porkchop":1,"minecraft:pitcher_pod":3,"minecraft:cobblestone":5,"minecraft:apple":1,"minecraft:spruce_door":1,"minecraft:grass_block":1,"minecraft:coal":32,"born_in_chaos_v1:monster_flesh":1,"tombstone:magic_scroll":2,"minecraft:stripped_dark_oak_wood":1,"tombstone:grave_dust":2,"minecraft:iron_pickaxe":1,"minecraft:pink_petals":2,"minecraft:polished_deepslate_wall":2,"minecraft:tripwire_hook":2,"minecraft:polished_deepslate":4,"minecraft:bone":2,"minecraft:stone_axe":1,"born_in_chaos_v1:fire_dust":2,"alexscaves:seeking_arrow":1,"minecraft:pink_dye":1,"minecraft:cherry_sapling":1,"minecraft:rotten_flesh":4,"minecraft:oak_planks":9,"minecraft:pumpkin_seeds":1,"minecraft:chiseled_stone_bricks":3,"minecraft:spruce_planks":22,"minecraft:iron_chestplate":1,"minecraft:beetroot_seeds":2,"born_in_chaos_v1:corpse_maggot":2,"minecraft:oak_sapling":3,"minecraft:chest":3,"minecraft:brown_bed":1,"minecraft:stone_pressure_plate":1,"minecraft:spider_eye":1,"tombstone:essence_of_undeath":1,"minecraft:bow":1,"minecraft:magenta_dye":1,"minecraft:stone_pickaxe":1,"waystones:waystone":2,"minecraft:splash_potion":1,"minecraft:egg":1}},"DataVersion":3465}