{"stats":{"minecraft:picked_up":{"born_in_chaos_v1:fused_bone":2,"minecraft:crafting_table":5,"minecraft:iron_chestplate":1,"minecraft:azure_bluet":1,"born_in_chaos_v1:monster_flesh":1,"minecraft:brown_bed":1,"minecraft:oak_log":22,"minecraft:cornflower":2,"minecraft:dirt":36,"born_in_chaos_v1:monster_skin":1,"born_in_chaos_v1:marigolds":1,"minecraft:bone":1,"minecraft:apple":1,"minecraft:wheat_seeds":23,"minecraft:poppy":1,"minecraft:furnace":2,"minecraft:egg":1,"minecraft:stick":4,"minecraft:lime_concrete":1,"minecraft:dandelion":6,"minecraft:torch":3,"born_in_chaos_v1:ethereal_spirit":3,"minecraft:dripstone_block":13,"minecraft:porkchop":67,"minecraft:grass_block":1,"born_in_chaos_v1:pieceofdarkmetal":4,"minecraft:rotten_flesh":2,"minecraft:stone_axe":1,"waystones:waystone":2,"minecraft:oak_sapling":18,"minecraft:coal":69,"minecraft:cobblestone":87,"minecraft:oxeye_daisy":1},"minecraft:crafted":{"minecraft:oak_planks":20,"minecraft:cooked_porkchop":10,"minecraft:crafting_table":2,"minecraft:wooden_pickaxe":1,"minecraft:furnace":1,"minecraft:stone_axe":3,"minecraft:air":0,"minecraft:stick":8,"minecraft:stone_pickaxe":2,"minecraft:torch":8},"minecraft:used":{"minecraft:water_bucket":8,"minecraft:stone_pickaxe":168,"minecraft:chest":2,"minecraft:wooden_pickaxe":10,"minecraft:oak_leaves":1,"minecraft:iron_chestplate":1,"minecraft:torch":6,"minecraft:dirt":33,"minecraft:crafting_table":5,"born_in_chaos_v1:spawn_structures_lookout_tower":1,"minecraft:sea_lantern":156,"minecraft:grass_block":7,"born_in_chaos_v1:spawn_structures_dark_tower":1,"tombstone:grave_key":2,"born_in_chaos_v1:spawn_structures_firewell":1,"minecraft:stone_bricks":23,"minecraft:stone_axe":104,"minecraft:chiseled_stone_bricks":1601,"minecraft:furnace":2,"minecraft:cooked_porkchop":7,"minecraft:bucket":7,"minecraft:magenta_glazed_terracotta":40,"tombstone:gift":4},"minecraft:killed":{"born_in_chaos_v1:fallen_chaos_knight":1,"minecraft:pig":23,"born_in_chaos_v1:scarlet_persecutor":1,"minecraft:pillager":1,"born_in_chaos_v1:dread_hound":1,"born_in_chaos_v1:siamese_skeletonsleft":1},"minecraft:mined":{"minecraft:dandelion":1,"minecraft:crafting_table":5,"minecraft:torch":2,"minecraft:grass_block":12,"minecraft:tall_grass":31,"minecraft:wall_torch":1,"minecraft:furnace":2,"minecraft:brown_bed":1,"minecraft:grass":18,"minecraft:oak_log":18,"minecraft:coal_ore":76,"minecraft:dripstone_block":13,"minecraft:dirt":24,"minecraft:stone":81,"minecraft:oak_leaves":16},"minecraft:killed_by":{"born_in_chaos_v1:scarlet_persecutor":2},"minecraft:broken":{"minecraft:stone_pickaxe":1},"minecraft:custom":{"minecraft:interact_with_furnace":8,"minecraft:mob_kills":28,"tombstone:raider_killed":1,"minecraft:interact_with_crafting_table":6,"minecraft:leave_game":1,"minecraft:time_since_death":40387,"minecraft:time_since_rest":40221,"minecraft:sprint_one_cm":243446,"minecraft:damage_taken":1500,"minecraft:walk_one_cm":352295,"minecraft:drop":7,"minecraft:damage_dealt":3773,"minecraft:swim_one_cm":19915,"minecraft:fly_one_cm":852732,"minecraft:open_chest":7,"minecraft:crouch_one_cm":10081,"minecraft:play_time":116860,"tombstone:undead_killed":2,"minecraft:deaths":8,"minecraft:sneak_time":4740,"minecraft:walk_under_water_one_cm":764,"minecraft:jump":2041,"minecraft:walk_on_water_one_cm":4848,"minecraft:total_world_time":116860,"minecraft:fall_one_cm":47773},"minecraft:dropped":{"minecraft:stone_axe":1,"minecraft:oak_log":4,"minecraft:apple":1,"minecraft:grass_block":1,"minecraft:chiseled_stone_bricks":1,"minecraft:oak_sapling":3,"minecraft:chest":1}},"DataVersion":3465}