{"stats":{"minecraft:picked_up":{"born_in_chaos_v1:fused_bone":2,"minecraft:stick":4,"minecraft:crafting_table":4,"born_in_chaos_v1:ethereal_spirit":3,"minecraft:dandelion":1,"minecraft:porkchop":67,"minecraft:oak_log":22,"born_in_chaos_v1:pieceofdarkmetal":4,"minecraft:dirt":26,"minecraft:apple":1,"minecraft:rotten_flesh":2,"minecraft:wheat_seeds":1,"waystones:waystone":2,"minecraft:oak_sapling":18,"minecraft:cobblestone":27,"minecraft:furnace":1},"minecraft:crafted":{"minecraft:oak_planks":20,"minecraft:cooked_porkchop":8,"minecraft:crafting_table":2,"minecraft:stick":4,"minecraft:wooden_pickaxe":1,"minecraft:stone_pickaxe":1,"minecraft:furnace":1,"minecraft:stone_axe":1,"minecraft:air":0},"minecraft:used":{"minecraft:stone_pickaxe":20,"minecraft:wooden_pickaxe":10,"minecraft:stone_axe":96,"minecraft:dirt":12,"minecraft:crafting_table":4,"minecraft:furnace":1,"minecraft:cooked_porkchop":5,"tombstone:gift":2},"minecraft:killed":{"minecraft:pillager":1,"born_in_chaos_v1:fallen_chaos_knight":1,"minecraft:pig":23,"born_in_chaos_v1:siamese_skeletonsleft":1,"born_in_chaos_v1:scarlet_persecutor":1},"minecraft:mined":{"minecraft:furnace":1,"minecraft:dandelion":1,"minecraft:crafting_table":4,"minecraft:grass":9,"minecraft:grass_block":7,"minecraft:oak_log":18,"minecraft:dirt":19,"minecraft:tall_grass":7,"minecraft:stone":24,"minecraft:oak_leaves":16},"minecraft:killed_by":{"born_in_chaos_v1:scarlet_persecutor":2},"minecraft:custom":{"minecraft:time_since_rest":2601,"minecraft:interact_with_furnace":5,"minecraft:sprint_one_cm":125098,"minecraft:damage_taken":1460,"minecraft:walk_one_cm":86644,"minecraft:mob_kills":27,"minecraft:drop":3,"tombstone:raider_killed":1,"minecraft:damage_dealt":3408,"minecraft:swim_one_cm":19280,"minecraft:interact_with_crafting_table":5,"minecraft:fly_one_cm":402848,"minecraft:open_chest":1,"minecraft:crouch_one_cm":5262,"minecraft:play_time":44860,"tombstone:undead_killed":2,"minecraft:deaths":5,"minecraft:sneak_time":2368,"minecraft:walk_under_water_one_cm":615,"minecraft:jump":1273,"minecraft:leave_game":1,"minecraft:time_since_death":5000,"minecraft:walk_on_water_one_cm":2789,"minecraft:total_world_time":44860,"minecraft:fall_one_cm":41019},"minecraft:dropped":{"minecraft:oak_log":4,"minecraft:oak_sapling":3,"minecraft:apple":1}},"DataVersion":3465}