{"stats":{"minecraft:picked_up":{"born_in_chaos_v1:fused_bone":2,"minecraft:stick":4,"minecraft:crafting_table":4,"minecraft:dandelion":1,"minecraft:porkchop":65,"minecraft:oak_log":18,"born_in_chaos_v1:pieceofdarkmetal":4,"minecraft:dirt":18,"minecraft:rotten_flesh":2,"minecraft:wheat_seeds":1,"waystones:waystone":2,"minecraft:oak_sapling":15,"minecraft:cobblestone":24,"minecraft:furnace":1},"minecraft:crafted":{"minecraft:oak_planks":20,"minecraft:cooked_porkchop":8,"minecraft:crafting_table":2,"minecraft:stick":4,"minecraft:wooden_pickaxe":1,"minecraft:stone_pickaxe":1,"minecraft:furnace":1,"minecraft:stone_axe":1,"minecraft:air":0},"minecraft:used":{"minecraft:stone_pickaxe":20,"minecraft:wooden_pickaxe":10,"minecraft:stone_axe":90,"minecraft:dirt":8,"minecraft:crafting_table":4,"minecraft:furnace":1,"minecraft:cooked_porkchop":3},"minecraft:killed":{"born_in_chaos_v1:fallen_chaos_knight":1,"minecraft:pig":22,"born_in_chaos_v1:siamese_skeletonsleft":1},"minecraft:mined":{"minecraft:furnace":1,"minecraft:dandelion":1,"minecraft:crafting_table":4,"minecraft:grass":9,"minecraft:grass_block":4,"minecraft:oak_log":18,"minecraft:dirt":14,"minecraft:tall_grass":7,"minecraft:stone":24,"minecraft:oak_leaves":16},"minecraft:custom":{"minecraft:time_since_rest":18566,"minecraft:interact_with_furnace":5,"minecraft:sprint_one_cm":40147,"minecraft:damage_taken":170,"minecraft:walk_one_cm":52532,"minecraft:mob_kills":24,"minecraft:damage_dealt":2729,"minecraft:swim_one_cm":1944,"minecraft:interact_with_crafting_table":5,"minecraft:fly_one_cm":135639,"minecraft:crouch_one_cm":4667,"minecraft:play_time":18566,"tombstone:undead_killed":2,"minecraft:sneak_time":2181,"minecraft:walk_under_water_one_cm":121,"minecraft:jump":515,"minecraft:leave_game":1,"minecraft:walk_on_water_one_cm":123,"minecraft:time_since_death":18566,"minecraft:total_world_time":18566,"minecraft:fall_one_cm":16630}},"DataVersion":3465}