{"stats":{"minecraft:picked_up":{"born_in_chaos_v1:fused_bone":2,"minecraft:stick":4,"minecraft:crafting_table":5,"born_in_chaos_v1:monster_flesh":1,"born_in_chaos_v1:ethereal_spirit":3,"minecraft:dandelion":1,"minecraft:porkchop":67,"minecraft:oak_log":22,"born_in_chaos_v1:pieceofdarkmetal":4,"minecraft:dirt":26,"born_in_chaos_v1:monster_skin":1,"minecraft:apple":1,"minecraft:rotten_flesh":2,"minecraft:stone_axe":1,"minecraft:wheat_seeds":1,"waystones:waystone":2,"minecraft:oak_sapling":18,"minecraft:coal":50,"minecraft:cobblestone":84,"minecraft:furnace":2},"minecraft:crafted":{"minecraft:oak_planks":20,"minecraft:cooked_porkchop":10,"minecraft:crafting_table":2,"minecraft:stick":8,"minecraft:wooden_pickaxe":1,"minecraft:stone_pickaxe":2,"minecraft:furnace":1,"minecraft:torch":8,"minecraft:stone_axe":3,"minecraft:air":0},"minecraft:used":{"minecraft:stone_pickaxe":135,"minecraft:wooden_pickaxe":10,"minecraft:torch":1,"minecraft:stone_axe":104,"minecraft:dirt":20,"minecraft:crafting_table":5,"minecraft:furnace":2,"minecraft:cooked_porkchop":6,"tombstone:gift":2},"minecraft:killed":{"minecraft:pillager":1,"born_in_chaos_v1:fallen_chaos_knight":1,"minecraft:pig":23,"born_in_chaos_v1:dread_hound":1,"born_in_chaos_v1:siamese_skeletonsleft":1,"born_in_chaos_v1:scarlet_persecutor":1},"minecraft:mined":{"minecraft:furnace":2,"minecraft:dandelion":1,"minecraft:crafting_table":5,"minecraft:grass":11,"minecraft:coal_ore":59,"minecraft:grass_block":7,"minecraft:oak_log":18,"minecraft:dirt":19,"minecraft:tall_grass":10,"minecraft:stone":79,"minecraft:oak_leaves":16},"minecraft:killed_by":{"born_in_chaos_v1:scarlet_persecutor":2},"minecraft:broken":{"minecraft:stone_pickaxe":1},"minecraft:custom":{"minecraft:time_since_rest":14601,"minecraft:interact_with_furnace":8,"minecraft:sprint_one_cm":137598,"minecraft:damage_taken":1480,"minecraft:walk_one_cm":110155,"minecraft:mob_kills":28,"minecraft:drop":4,"tombstone:raider_killed":1,"minecraft:damage_dealt":3578,"minecraft:swim_one_cm":19915,"minecraft:interact_with_crafting_table":6,"minecraft:fly_one_cm":426940,"minecraft:open_chest":1,"minecraft:crouch_one_cm":5508,"minecraft:play_time":56860,"tombstone:undead_killed":2,"minecraft:deaths":5,"minecraft:sneak_time":2586,"minecraft:walk_under_water_one_cm":764,"minecraft:jump":1467,"minecraft:leave_game":1,"minecraft:time_since_death":17000,"minecraft:walk_on_water_one_cm":2954,"minecraft:total_world_time":56860,"minecraft:fall_one_cm":44458},"minecraft:dropped":{"minecraft:stone_axe":1,"minecraft:oak_log":4,"minecraft:oak_sapling":3,"minecraft:apple":1}},"DataVersion":3465}