{"stats":{"minecraft:killed":{"minecraft:cave_spider":5,"born_in_chaos_v1:restless_spirit":1,"minecraft:spider":3,"born_in_chaos_v1:scarlet_persecutor":1,"minecraft:skeleton":16,"born_in_chaos_v1:firelight_not_despawn":2,"minecraft:pig":24,"born_in_chaos_v1:diamond_termite":1,"minecraft:creeper":1,"minecraft:sheep":3,"minecraft:pillager":1,"minecraft:zombie":7,"born_in_chaos_v1:dread_hound":3,"born_in_chaos_v1:corpse_fly":1,"born_in_chaos_v1:siamese_skeletonsleft":1,"minecraft:cow":4,"born_in_chaos_v1:zombie_bruiser":1,"born_in_chaos_v1:maggot":1,"born_in_chaos_v1:baby_spider":8,"born_in_chaos_v1:fallen_chaos_knight":1,"minecraft:husk":10,"born_in_chaos_v1:baby_skeleton":1,"born_in_chaos_v1:decrepit_skeleton":4,"minecraft:enderman":2},"minecraft:crafted":{"minecraft:oak_planks":168,"minecraft:chest":6,"minecraft:stone_hoe":1,"sophisticatedbackpacks:backpack":1,"minecraft:cooked_porkchop":41,"minecraft:crafting_table":8,"minecraft:spruce_planks":32,"minecraft:wooden_pickaxe":1,"minecraft:baked_potato":3,"minecraft:spruce_door":3,"minecraft:shield":3,"minecraft:stick":44,"minecraft:iron_pickaxe":1,"sophisticatedbackpacks:netherite_backpack":1,"minecraft:shears":1,"minecraft:stone_shovel":1,"minecraft:tripwire_hook":2,"minecraft:furnace":2,"minecraft:stone_pickaxe":6,"minecraft:wheat":54,"minecraft:cooked_beef":6,"minecraft:coal_block":12,"minecraft:stone_axe":3,"minecraft:bread":18,"minecraft:air":0,"minecraft:white_bed":2,"minecraft:torch":104,"minecraft:trapped_chest":2},"minecraft:custom":{"minecraft:interact_with_crafting_table":57,"minecraft:open_barrel":27,"minecraft:eat_cake_slice":4,"minecraft:leave_game":9,"minecraft:time_since_death":25905,"minecraft:sprint_one_cm":1150659,"minecraft:damage_blocked_by_shield":2890,"minecraft:drop":62,"minecraft:play_noteblock":47,"minecraft:talked_to_villager":1,"minecraft:play_time":638120,"minecraft:deaths":15,"minecraft:jump":8323,"minecraft:walk_on_water_one_cm":28786,"minecraft:interact_with_furnace":41,"minecraft:sleep_in_bed":7,"minecraft:waystone_activated":8,"minecraft:damage_dealt":20982,"minecraft:crouch_one_cm":58898,"tombstone:undead_killed":41,"minecraft:interact_with_smithing_table":1,"minecraft:mob_kills":103,"minecraft:damage_dealt_resisted":249,"minecraft:climb_one_cm":5683,"minecraft:walk_one_cm":1401607,"minecraft:sneak_time":19172,"minecraft:walk_under_water_one_cm":44029,"minecraft:interact_with_blast_furnace":8,"minecraft:total_world_time":638120,"tombstone:raider_killed":1,"minecraft:tune_noteblock":2,"minecraft:time_since_rest":23506,"minecraft:damage_taken":5903,"minecraft:swim_one_cm":55532,"minecraft:fly_one_cm":2390293,"minecraft:open_chest":63,"minecraft:fall_one_cm":172090},"minecraft:used":{"born_in_chaos_v1:spiritual_guide_sombrero_helmet":1,"minecraft:chest":6,"minecraft:shield":64,"minecraft:stone":5,"minecraft:iron_sword":329,"minecraft:iron_chestplate":2,"minecraft:snowball":54,"minecraft:grass_block":11,"waterframes:frame":10,"born_in_chaos_v1:gnawed_bones":2,"minecraft:stone_brick_stairs":15,"minecraft:stone_bricks":27,"minecraft:bow":2,"minecraft:furnace":5,"minecraft:egg":1,"minecraft:deepslate_brick_wall":10,"minecraft:mossy_stone_bricks":1,"minecraft:diorite":11,"minecraft:spruce_door":2,"minecraft:stone_pickaxe":581,"minecraft:oak_planks":9,"minecraft:wooden_pickaxe":10,"minecraft:oak_leaves":1,"minecraft:blast_furnace":1,"minecraft:dripstone_block":9,"minecraft:note_block":10,"minecraft:shears":123,"minecraft:redstone_torch":1,"minecraft:deepslate_tiles":4,"waystones:waystone":7,"minecraft:cyan_bed":1,"minecraft:bread":2,"tombstone:grave_key":6,"minecraft:gravel":1,"minecraft:golden_helmet":1,"minecraft:andesite":1,"minecraft:cobweb":3,"minecraft:armor_stand":14,"minecraft:stone_shovel":94,"minecraft:redstone":1,"minecraft:stone_hoe":9,"minecraft:torch":129,"minecraft:dirt":92,"minecraft:diamond_helmet":1,"minecraft:granite":22,"minecraft:sea_lantern":156,"minecraft:iron_axe":27,"born_in_chaos_v1:spawn_structures_dark_tower":1,"minecraft:iron_boots":1,"born_in_chaos_v1:spawn_structures_firewell":1,"tombstone:gift":12,"minecraft:cobbled_deepslate":85,"minecraft:brown_bed":3,"minecraft:cooked_mutton":1,"minecraft:water_bucket":14,"minecraft:yellow_banner":2,"minecraft:cobblestone_stairs":30,"minecraft:baked_potato":4,"minecraft:tnt":6,"minecraft:crafting_table":14,"born_in_chaos_v1:spawn_structures_lookout_tower":1,"minecraft:white_bed":2,"tombstone:bag_of_seeds":1,"minecraft:cornflower":1,"minecraft:oak_button":1,"minecraft:iron_pickaxe":556,"minecraft:stone_axe":198,"minecraft:pink_petals":2,"minecraft:chiseled_stone_bricks":1603,"minecraft:cobblestone":133,"minecraft:cooked_porkchop":50,"minecraft:bucket":14,"minecraft:magenta_glazed_terracotta":40,"minecraft:pumpkin_pie":11,"minecraft:dandelion":1,"minecraft:splash_potion":7},"minecraft:mined":{"minecraft:spruce_planks":1,"minecraft:granite":22,"minecraft:grass_block":52,"minecraft:coal_block":3,"minecraft:spawner":7,"minecraft:cobbled_deepslate":4,"minecraft:iron_ore":34,"minecraft:fire":2,"minecraft:pumpkin":1,"minecraft:stripped_dark_oak_wood":1,"minecraft:brown_bed":4,"minecraft:pointed_dripstone":5,"minecraft:player_head":1,"minecraft:deepslate_redstone_ore":4,"minecraft:torch":4,"minecraft:note_block":19,"minecraft:blast_furnace":1,"minecraft:calcite":15,"born_in_chaos_v1:cobweb_cover":3,"minecraft:cobblestone":46,"minecraft:cyan_bed":1,"minecraft:oak_planks":1,"minecraft:wall_torch":8,"minecraft:pink_petals":4,"minecraft:tnt":3,"minecraft:black_bed":1,"minecraft:grass":59,"minecraft:oak_log":40,"minecraft:dirt":117,"minecraft:polished_deepslate_wall":2,"minecraft:oak_leaves":29,"minecraft:deepslate":83,"alexscaves:spelunkery_table":1,"minecraft:yellow_wall_banner":2,"minecraft:deepslate_diamond_ore":2,"minecraft:spruce_leaves":3,"born_in_chaos_v1:gnawed_bones":1,"minecraft:large_fern":5,"minecraft:hay_block":6,"minecraft:furnace":3,"minecraft:snow":62,"minecraft:acacia_wood":1,"minecraft:andesite":65,"minecraft:polished_deepslate":4,"minecraft:deepslate_iron_ore":33,"minecraft:stripped_oak_log":1,"minecraft:packed_ice":2,"minecraft:stone":447,"minecraft:white_wool":18,"minecraft:cherry_planks":14,"minecraft:snow_block":32,"minecraft:dandelion":1,"minecraft:crafting_table":6,"minecraft:cornflower":2,"minecraft:tall_grass":77,"minecraft:copper_ore":8,"born_in_chaos_v1:chipped_black_argillite_brick":2,"minecraft:deepslate_gold_ore":13,"minecraft:diorite":89,"minecraft:ice":2,"minecraft:spruce_log":8,"minecraft:coal_ore":161,"minecraft:gravel":1,"minecraft:dripstone_block":19,"minecraft:cobweb":119,"minecraft:cracked_stone_bricks":8,"minecraft:stone_bricks":7,"minecraft:mossy_stone_bricks":3},"minecraft:broken":{"minecraft:stone_pickaxe":3,"minecraft:shield":1,"minecraft:iron_pickaxe":1},"minecraft:picked_up":{"minecraft:iron_chestplate":1,"minecraft:smithing_table":1,"minecraft:brown_bed":4,"minecraft:polished_deepslate_wall":2,"minecraft:polished_deepslate":4,"minecraft:string":34,"minecraft:raw_copper":31,"minecraft:black_shulker_box":1,"minecraft:cobbled_deepslate":88,"minecraft:bucket":1,"minecraft:spruce_planks":23,"minecraft:calcite":11,"minecraft:iron_pickaxe":1,"minecraft:coal_block":3,"minecraft:furnace":3,"minecraft:stick":10,"born_in_chaos_v1:shattered_skull":2,"minecraft:torch":14,"minecraft:porkchop":69,"tombstone:grave_dust":12,"minecraft:pointed_dripstone":8,"minecraft:diorite":88,"minecraft:yellow_banner":2,"minecraft:rotten_flesh":31,"minecraft:snowball":214,"minecraft:cobblestone":491,"minecraft:pink_petals":7,"minecraft:cooked_beef":4,"born_in_chaos_v1:spiritual_dust":2,"minecraft:andesite":65,"minecraft:black_bed":1,"born_in_chaos_v1:staff_of_magic_arrows":1,"minecraft:dirt":165,"born_in_chaos_v1:monster_skin":2,"born_in_chaos_v1:marigolds":1,"minecraft:bone":20,"minecraft:wheat_seeds":34,"minecraft:raw_gold":13,"minecraft:mossy_stone_bricks":2,"minecraft:oak_planks":1,"minecraft:cooked_porkchop":2,"minecraft:cyan_bed":1,"minecraft:grass_block":2,"minecraft:bundle":1,"born_in_chaos_v1:fire_dust":4,"minecraft:diamond":2,"waystones:waystone":6,"minecraft:granite":22,"minecraft:oak_sapling":25,"minecraft:magenta_glazed_terracotta":1,"minecraft:crafting_table":6,"minecraft:azure_bluet":1,"born_in_chaos_v1:seedof_chaos":1,"minecraft:cornflower":3,"minecraft:cracked_stone_bricks":6,"minecraft:beef":11,"born_in_chaos_v1:gnawed_bones":2,"minecraft:player_head":1,"minecraft:poppy":1,"minecraft:chest":2,"minecraft:egg":2,"minecraft:raw_iron":67,"minecraft:note_block":19,"born_in_chaos_v1:pieceofdarkmetal":4,"minecraft:redstone":20,"minecraft:stone_pressure_plate":1,"minecraft:tnt":3,"tombstone:christmas_gift":1,"minecraft:arrow":8,"minecraft:hay_block":6,"alexscaves:spelunkery_table":1,"minecraft:stripped_dark_oak_wood":1,"tombstone:essence_of_undeath":1,"minecraft:white_wool":26,"minecraft:oxeye_daisy":1,"born_in_chaos_v1:fused_bone":2,"minecraft:stripped_oak_log":2,"born_in_chaos_v1:corpse_maggot":2,"born_in_chaos_v1:monster_flesh":3,"minecraft:tripwire_hook":2,"minecraft:leather":8,"minecraft:acacia_wood":1,"minecraft:oak_log":44,"minecraft:gunpowder":1,"minecraft:cooked_mutton":1,"minecraft:apple":2,"born_in_chaos_v1:spider_mandible":1,"minecraft:stone_bricks":7,"minecraft:iron_ingot":2,"born_in_chaos_v1:chipped_black_argillite_brick":2,"minecraft:cobweb":89,"tombstone:bag_of_seeds":1,"minecraft:chiseled_stone_bricks":2,"minecraft:lime_concrete":1,"born_in_chaos_v1:ethereal_spirit":4,"minecraft:dandelion":6,"minecraft:dripstone_block":16,"minecraft:gravel":1,"born_in_chaos_v1:dark_rod":1,"minecraft:spruce_sapling":5,"minecraft:blast_furnace":1,"minecraft:spruce_log":8,"minecraft:spider_eye":5,"minecraft:spruce_door":3,"minecraft:sea_lantern":1,"minecraft:stone_axe":1,"tombstone:magic_scroll":3,"minecraft:baked_potato":25,"born_in_chaos_v1:spiritual_guide_sombrero_helmet":1,"minecraft:coal":158,"minecraft:ender_pearl":2},"minecraft:killed_by":{"born_in_chaos_v1:nightmare_stalker":2,"born_in_chaos_v1:scarlet_persecutor":2,"minecraft:husk":2,"born_in_chaos_v1:mother_spider":1},"minecraft:dropped":{"minecraft:oak_log":17,"minecraft:cooked_porkchop":1,"minecraft:pitcher_pod":3,"born_in_chaos_v1:monster_flesh":1,"minecraft:stripped_dark_oak_wood":1,"minecraft:iron_pickaxe":1,"minecraft:bone":2,"minecraft:stone_axe":1,"born_in_chaos_v1:fire_dust":2,"minecraft:pink_dye":1,"minecraft:cherry_sapling":1,"minecraft:rotten_flesh":4,"minecraft:oak_planks":9,"minecraft:chiseled_stone_bricks":3,"minecraft:beetroot_seeds":2,"born_in_chaos_v1:corpse_maggot":2,"minecraft:chest":3,"minecraft:splash_potion":1,"minecraft:egg":1,"minecraft:enchanted_book":1,"born_in_chaos_v1:shattered_skull":1,"minecraft:wheat_seeds":7,"minecraft:cobblestone":5,"minecraft:apple":1,"minecraft:spruce_door":1,"minecraft:grass_block":1,"minecraft:coal":32,"tombstone:magic_scroll":2,"tombstone:grave_dust":2,"minecraft:pink_petals":2,"minecraft:polished_deepslate_wall":2,"minecraft:tripwire_hook":2,"minecraft:polished_deepslate":4,"alexscaves:seeking_arrow":1,"minecraft:pumpkin_seeds":1,"minecraft:shield":1,"minecraft:spruce_planks":22,"minecraft:iron_chestplate":1,"minecraft:oak_sapling":3,"minecraft:brown_bed":1,"minecraft:stone_pressure_plate":1,"minecraft:spider_eye":1,"tombstone:essence_of_undeath":1,"minecraft:stone_pickaxe":1,"minecraft:bow":1,"minecraft:magenta_dye":1,"waystones:waystone":2}},"DataVersion":3465}