{"stats":{"minecraft:picked_up":{"minecraft:wheat_seeds":3},"minecraft:mined":{"minecraft:tall_grass":39,"minecraft:grass":6},"minecraft:custom":{"minecraft:jump":162,"minecraft:interact_with_furnace":1,"minecraft:time_since_rest":5840,"minecraft:waystone_activated":1,"minecraft:damage_dealt":171,"minecraft:crouch_one_cm":1118,"minecraft:walk_on_water_one_cm":4340,"minecraft:sprint_one_cm":26201,"minecraft:play_time":5840,"minecraft:damage_taken":50,"minecraft:time_since_death":5840,"minecraft:walk_one_cm":6615,"minecraft:sneak_time":93,"minecraft:total_world_time":5840,"minecraft:walk_under_water_one_cm":34,"minecraft:swim_one_cm":320,"minecraft:fall_one_cm":3896,"minecraft:drop":3,"minecraft:fly_one_cm":41916,"minecraft:leave_game":1},"minecraft:dropped":{"minecraft:wheat_seeds":3}},"DataVersion":3465}