{"stats":{"minecraft:mined":{"minecraft:tall_grass":54,"minecraft:grass":11},"minecraft:custom":{"minecraft:jump":177,"minecraft:waystone_activated":1,"minecraft:time_since_rest":20369,"minecraft:damage_taken":50,"minecraft:leave_game":2,"minecraft:crouch_one_cm":1118,"minecraft:play_time":20369,"minecraft:interact_with_furnace":1,"minecraft:sprint_one_cm":27601,"minecraft:time_since_death":20369,"minecraft:walk_on_water_one_cm":4340,"minecraft:walk_one_cm":10891,"minecraft:sneak_time":93,"minecraft:total_world_time":20369,"minecraft:walk_under_water_one_cm":34,"minecraft:swim_one_cm":320,"minecraft:fall_one_cm":4105,"minecraft:drop":3,"minecraft:fly_one_cm":45632,"minecraft:damage_dealt":171},"minecraft:dropped":{"minecraft:wheat_seeds":3},"minecraft:picked_up":{"minecraft:wheat_seeds":7}},"DataVersion":3465}